"filename", "language", "Go", "Markdown", "YAML", "SVG", "JSON", "Go Checksum File", "Shell Script", "Go Module File", "Go Template File", "Docker", "Makefile", "MS SQL", "JavaScript", "comment", "blank", "total"
"/Users/higu/Project/tbls/.github/ISSUE_TEMPLATE/bug_report.md", "Markdown", 0, 16, 0, 0, 0, 0, 0, 0, 0, 0, 0, 0, 0, 0, 7, 23
"/Users/higu/Project/tbls/.github/ISSUE_TEMPLATE/enhancement.md", "Markdown", 0, 5, 0, 0, 0, 0, 0, 0, 0, 0, 0, 0, 0, 0, 1, 6
"/Users/higu/Project/tbls/.github/dependabot.yml", "YAML", 0, 0, 39, 0, 0, 0, 0, 0, 0, 0, 0, 0, 0, 0, 3, 42
"/Users/higu/Project/tbls/.github/release.yml", "YAML", 0, 0, 17, 0, 0, 0, 0, 0, 0, 0, 0, 0, 0, 0, 1, 18
"/Users/higu/Project/tbls/.github/workflows/ci.yml", "YAML", 0, 0, 98, 0, 0, 0, 0, 0, 0, 0, 0, 0, 0, 0, 20, 118
"/Users/higu/Project/tbls/.github/workflows/release-test.yml", "YAML", 0, 0, 133, 0, 0, 0, 0, 0, 0, 0, 0, 0, 0, 0, 26, 159
"/Users/higu/Project/tbls/.github/workflows/tagpr.yml", "YAML", 0, 0, 189, 0, 0, 0, 0, 0, 0, 0, 0, 0, 0, 0, 33, 222
"/Users/higu/Project/tbls/.golangci.yml", "YAML", 0, 0, 28, 0, 0, 0, 0, 0, 0, 0, 0, 0, 0, 0, 1, 29
"/Users/higu/Project/tbls/.goreleaser/darwin.yml", "YAML", 0, 0, 45, 0, 0, 0, 0, 0, 0, 0, 0, 0, 0, 0, 1, 46
"/Users/higu/Project/tbls/.goreleaser/linux.yml", "YAML", 0, 0, 72, 0, 0, 0, 0, 0, 0, 0, 0, 0, 0, 0, 1, 73
"/Users/higu/Project/tbls/.goreleaser/windows.yml", "YAML", 0, 0, 48, 0, 0, 0, 0, 0, 0, 0, 0, 0, 0, 0, 1, 49
"/Users/higu/Project/tbls/.octocov.yml", "YAML", 0, 0, 19, 0, 0, 0, 0, 0, 0, 0, 0, 0, 0, 1, 1, 21
"/Users/higu/Project/tbls/CHANGELOG.md", "Markdown", 0, 746, 0, 0, 0, 0, 0, 0, 0, 0, 0, 0, 0, 0, 353, 1099
"/Users/higu/Project/tbls/CLAUDE.md", "Markdown", 0, 3, 0, 0, 0, 0, 0, 0, 0, 0, 0, 0, 0, 0, 3, 6
"/Users/higu/Project/tbls/Dockerfile", "Docker", 0, 0, 0, 0, 0, 0, 0, 0, 0, 12, 0, 0, 0, 0, 9, 21
"/Users/higu/Project/tbls/Makefile", "Makefile", 0, 0, 0, 0, 0, 0, 0, 0, 0, 0, 156, 0, 0, 0, 36, 192
"/Users/higu/Project/tbls/README.md", "Markdown", 0, 942, 0, 0, 0, 0, 0, 0, 0, 0, 0, 0, 0, 0, 262, 1204
"/Users/higu/Project/tbls/cmd/cmd.go", "Go", 27, 0, 0, 0, 0, 0, 0, 0, 0, 0, 0, 0, 0, 0, 4, 31
"/Users/higu/Project/tbls/cmd/completion.go", "Go", 77, 0, 0, 0, 0, 0, 0, 0, 0, 0, 0, 0, 0, 22, 10, 109
"/Users/higu/Project/tbls/cmd/coverage.go", "Go", 90, 0, 0, 0, 0, 0, 0, 0, 0, 0, 0, 0, 0, 22, 15, 127
"/Users/higu/Project/tbls/cmd/diff.go", "Go", 139, 0, 0, 0, 0, 0, 0, 0, 0, 0, 0, 0, 0, 26, 16, 181
"/Users/higu/Project/tbls/cmd/doc.go", "Go", 145, 0, 0, 0, 0, 0, 0, 0, 0, 0, 0, 0, 0, 21, 20, 186
"/Users/higu/Project/tbls/cmd/lint.go", "Go", 90, 0, 0, 0, 0, 0, 0, 0, 0, 0, 0, 0, 0, 20, 15, 125
"/Users/higu/Project/tbls/cmd/ls.go", "Go", 105, 0, 0, 0, 0, 0, 0, 0, 0, 0, 0, 0, 0, 22, 13, 140
"/Users/higu/Project/tbls/cmd/out.go", "Go", 133, 0, 0, 0, 0, 0, 0, 0, 0, 0, 0, 0, 0, 20, 19, 172
"/Users/higu/Project/tbls/cmd/root.go", "Go", 213, 0, 0, 0, 0, 0, 0, 0, 0, 0, 0, 0, 0, 35, 37, 285
"/Users/higu/Project/tbls/cmd/version.go", "Go", 17, 0, 0, 0, 0, 0, 0, 0, 0, 0, 0, 0, 0, 20, 6, 43
"/Users/higu/Project/tbls/cmdutil/option.go", "Go", 33, 0, 0, 0, 0, 0, 0, 0, 0, 0, 0, 0, 0, 0, 5, 38
"/Users/higu/Project/tbls/cmdutil/option_test.go", "Go", 30, 0, 0, 0, 0, 0, 0, 0, 0, 0, 0, 0, 0, 0, 4, 34
"/Users/higu/Project/tbls/cmdutil/when.go", "Go", 55, 0, 0, 0, 0, 0, 0, 0, 0, 0, 0, 0, 0, 3, 10, 68
"/Users/higu/Project/tbls/cmdutil/when_test.go", "Go", 145, 0, 0, 0, 0, 0, 0, 0, 0, 0, 0, 0, 0, 0, 4, 149
"/Users/higu/Project/tbls/compose.yml", "YAML", 0, 0, 85, 0, 0, 0, 0, 0, 0, 0, 0, 0, 0, 0, 1, 86
"/Users/higu/Project/tbls/config/config.go", "Go", 758, 0, 0, 0, 0, 0, 0, 0, 0, 0, 0, 0, 0, 47, 86, 891
"/Users/higu/Project/tbls/config/config_test.go", "Go", 674, 0, 0, 0, 0, 0, 0, 0, 0, 0, 0, 0, 0, 0, 33, 707
"/Users/higu/Project/tbls/config/lint.go", "Go", 595, 0, 0, 0, 0, 0, 0, 0, 0, 0, 0, 0, 0, 43, 75, 713
"/Users/higu/Project/tbls/config/lint_test.go", "Go", 670, 0, 0, 0, 0, 0, 0, 0, 0, 0, 0, 0, 0, 0, 50, 720
"/Users/higu/Project/tbls/config/naming.go", "Go", 69, 0, 0, 0, 0, 0, 0, 0, 0, 0, 0, 0, 0, 6, 20, 95
"/Users/higu/Project/tbls/config/naming_test.go", "Go", 44, 0, 0, 0, 0, 0, 0, 0, 0, 0, 0, 0, 0, 2, 11, 57
"/Users/higu/Project/tbls/config/templates.go", "Go", 25, 0, 0, 0, 0, 0, 0, 0, 0, 0, 0, 0, 0, 10, 6, 41
"/Users/higu/Project/tbls/config/viewpoints.go", "Go", 16, 0, 0, 0, 0, 0, 0, 0, 0, 0, 0, 0, 0, 0, 3, 19
"/Users/higu/Project/tbls/config/yaml.go", "Go", 77, 0, 0, 0, 0, 0, 0, 0, 0, 0, 0, 0, 0, 0, 6, 83
"/Users/higu/Project/tbls/coverage/coverage.go", "Go", 80, 0, 0, 0, 0, 0, 0, 0, 0, 0, 0, 0, 0, 3, 15, 98
"/Users/higu/Project/tbls/coverage/coverage_test.go", "Go", 179, 0, 0, 0, 0, 0, 0, 0, 0, 0, 0, 0, 0, 0, 12, 191
"/Users/higu/Project/tbls/datasource/aws.go", "Go", 53, 0, 0, 0, 0, 0, 0, 0, 0, 0, 0, 0, 0, 1, 12, 66
"/Users/higu/Project/tbls/datasource/datasource.go", "Go", 284, 0, 0, 0, 0, 0, 0, 0, 0, 0, 0, 0, 0, 8, 15, 307
"/Users/higu/Project/tbls/datasource/datasource_test.go", "Go", 102, 0, 0, 0, 0, 0, 0, 0, 0, 0, 0, 0, 0, 0, 11, 113
"/Users/higu/Project/tbls/datasource/gcp.go", "Go", 161, 0, 0, 0, 0, 0, 0, 0, 0, 0, 0, 0, 0, 8, 26, 195
"/Users/higu/Project/tbls/datasource/gcp_test.go", "Go", 57, 0, 0, 0, 0, 0, 0, 0, 0, 0, 0, 0, 0, 0, 9, 66
"/Users/higu/Project/tbls/datasource/mongo.go", "Go", 61, 0, 0, 0, 0, 0, 0, 0, 0, 0, 0, 0, 0, 1, 9, 71
"/Users/higu/Project/tbls/ddl/ddl.go", "Go", 108, 0, 0, 0, 0, 0, 0, 0, 0, 0, 0, 0, 0, 6, 10, 124
"/Users/higu/Project/tbls/ddl/ddl_test.go", "Go", 54, 0, 0, 0, 0, 0, 0, 0, 0, 0, 0, 0, 0, 0, 4, 58
"/Users/higu/Project/tbls/dict/dict.go", "Go", 83, 0, 0, 0, 0, 0, 0, 0, 0, 0, 0, 0, 0, 1, 16, 100
"/Users/higu/Project/tbls/dict/dict_test.go", "Go", 110, 0, 0, 0, 0, 0, 0, 0, 0, 0, 0, 0, 0, 0, 17, 127
"/Users/higu/Project/tbls/drivers/bq/bq.go", "Go", 121, 0, 0, 0, 0, 0, 0, 0, 0, 0, 0, 0, 0, 5, 17, 143
"/Users/higu/Project/tbls/drivers/bq/bq_test.go", "Go", 52, 0, 0, 0, 0, 0, 0, 0, 0, 0, 0, 0, 0, 1, 8, 61
"/Users/higu/Project/tbls/drivers/clickhouse/clickhouse.go", "Go", 328, 0, 0, 0, 0, 0, 0, 0, 0, 0, 0, 0, 0, 12, 39, 379
"/Users/higu/Project/tbls/drivers/clickhouse/clickhouse_test.go", "Go", 139, 0, 0, 0, 0, 0, 0, 0, 0, 0, 0, 0, 0, 1, 38, 178
"/Users/higu/Project/tbls/drivers/drivers.go", "Go", 9, 0, 0, 0, 0, 0, 0, 0, 0, 0, 0, 0, 0, 2, 4, 15
"/Users/higu/Project/tbls/drivers/dynamo/dynamo.go", "Go", 141, 0, 0, 0, 0, 0, 0, 0, 0, 0, 0, 0, 0, 1, 19, 161
"/Users/higu/Project/tbls/drivers/dynamo/dynamo_test.go", "Go", 44, 0, 0, 0, 0, 0, 0, 0, 0, 0, 0, 0, 0, 1, 7, 52
"/Users/higu/Project/tbls/drivers/mariadb/mariadb.go", "Go", 17, 0, 0, 0, 0, 0, 0, 0, 0, 0, 0, 0, 0, 1, 5, 23
"/Users/higu/Project/tbls/drivers/mariadb/mariadb_test.go", "Go", 76, 0, 0, 0, 0, 0, 0, 0, 0, 0, 0, 0, 0, 1, 10, 87
"/Users/higu/Project/tbls/drivers/mongodb/mongodb.go", "Go", 199, 0, 0, 0, 0, 0, 0, 0, 0, 0, 0, 0, 0, 1, 19, 219
"/Users/higu/Project/tbls/drivers/mongodb/mongodb_test.go", "Go", 103, 0, 0, 0, 0, 0, 0, 0, 0, 0, 0, 0, 0, 2, 8, 113
"/Users/higu/Project/tbls/drivers/mssql/mssql.go", "Go", 560, 0, 0, 0, 0, 0, 0, 0, 0, 0, 0, 0, 0, 14, 46, 620
"/Users/higu/Project/tbls/drivers/mssql/mssql_test.go", "Go", 54, 0, 0, 0, 0, 0, 0, 0, 0, 0, 0, 0, 0, 1, 8, 63
"/Users/higu/Project/tbls/drivers/mysql/mysql.go", "Go", 580, 0, 0, 0, 0, 0, 0, 0, 0, 0, 0, 0, 0, 20, 53, 653
"/Users/higu/Project/tbls/drivers/mysql/mysql_test.go", "Go", 76, 0, 0, 0, 0, 0, 0, 0, 0, 0, 0, 0, 0, 1, 10, 87
"/Users/higu/Project/tbls/drivers/postgres/postgres.go", "Go", 682, 0, 0, 0, 0, 0, 0, 0, 0, 0, 0, 0, 0, 20, 66, 768
"/Users/higu/Project/tbls/drivers/postgres/postgres_test.go", "Go", 91, 0, 0, 0, 0, 0, 0, 0, 0, 0, 0, 0, 0, 1, 10, 102
"/Users/higu/Project/tbls/drivers/redshift/redshift.go", "Go", 13, 0, 0, 0, 0, 0, 0, 0, 0, 0, 0, 0, 0, 1, 5, 19
"/Users/higu/Project/tbls/drivers/snowflake/snowflake.go", "Go", 118, 0, 0, 0, 0, 0, 0, 0, 0, 0, 0, 0, 0, 2, 16, 136
"/Users/higu/Project/tbls/drivers/spanner/spanner.go", "Go", 316, 0, 0, 0, 0, 0, 0, 0, 0, 0, 0, 0, 0, 8, 29, 353
"/Users/higu/Project/tbls/drivers/spanner/spanner_test.go", "Go", 57, 0, 0, 0, 0, 0, 0, 0, 0, 0, 0, 0, 0, 1, 9, 67
"/Users/higu/Project/tbls/drivers/sqlite/sqlite.go", "Go", 447, 0, 0, 0, 0, 0, 0, 0, 0, 0, 0, 0, 0, 14, 49, 510
"/Users/higu/Project/tbls/drivers/sqlite/sqlite_test.go", "Go", 133, 0, 0, 0, 0, 0, 0, 0, 0, 0, 0, 0, 0, 1, 11, 145
"/Users/higu/Project/tbls/go.mod", "Go Module File", 0, 0, 0, 0, 0, 0, 0, 171, 0, 0, 0, 0, 0, 0, 4, 175
"/Users/higu/Project/tbls/go.sum", "Go Checksum File", 0, 0, 0, 0, 0, 1946, 0, 0, 0, 0, 0, 0, 0, 0, 1, 1947
"/Users/higu/Project/tbls/main.go", "Go", 12, 0, 0, 0, 0, 0, 0, 0, 0, 0, 0, 0, 0, 19, 5, 36
"/Users/higu/Project/tbls/output/config/config.go", "Go", 87, 0, 0, 0, 0, 0, 0, 0, 0, 0, 0, 0, 0, 2, 12, 101
"/Users/higu/Project/tbls/output/config/config_test.go", "Go", 108, 0, 0, 0, 0, 0, 0, 0, 0, 0, 0, 0, 0, 0, 8, 116
"/Users/higu/Project/tbls/output/dot/dot.go", "Go", 140, 0, 0, 0, 0, 0, 0, 0, 0, 0, 0, 0, 0, 6, 18, 164
"/Users/higu/Project/tbls/output/dot/dot_test.go", "Go", 186, 0, 0, 0, 0, 0, 0, 0, 0, 0, 0, 0, 0, 2, 13, 201
"/Users/higu/Project/tbls/output/dot/templates/schema.dot.tmpl", "Go Template File", 0, 0, 0, 0, 0, 0, 0, 0, 40, 0, 0, 0, 0, 0, 4, 44
"/Users/higu/Project/tbls/output/dot/templates/table.dot.tmpl", "Go Template File", 0, 0, 0, 0, 0, 0, 0, 0, 30, 0, 0, 0, 0, 0, 3, 33
"/Users/higu/Project/tbls/output/gviz/gviz.go", "Go", 200, 0, 0, 0, 0, 0, 0, 0, 0, 0, 0, 0, 0, 15, 23, 238
"/Users/higu/Project/tbls/output/gviz/gviz_test.go", "Go", 94, 0, 0, 0, 0, 0, 0, 0, 0, 0, 0, 0, 0, 0, 7, 101
"/Users/higu/Project/tbls/output/json/json.go", "Go", 34, 0, 0, 0, 0, 0, 0, 0, 0, 0, 0, 0, 0, 4, 7, 45
"/Users/higu/Project/tbls/output/json/json_test.go", "Go", 67, 0, 0, 0, 0, 0, 0, 0, 0, 0, 0, 0, 0, 0, 10, 77
"/Users/higu/Project/tbls/output/md/md.go", "Go", 860, 0, 0, 0, 0, 0, 0, 0, 0, 0, 0, 0, 0, 31, 115, 1006
"/Users/higu/Project/tbls/output/md/md_test.go", "Go", 242, 0, 0, 0, 0, 0, 0, 0, 0, 0, 0, 0, 0, 1, 14, 257
"/Users/higu/Project/tbls/output/md/templates/index.md.tmpl", "Go Template File", 0, 0, 0, 0, 0, 0, 0, 0, 37, 0, 0, 0, 0, 0, 16, 53
"/Users/higu/Project/tbls/output/md/templates/table.md.tmpl", "Go Template File", 0, 0, 0, 0, 0, 0, 0, 0, 57, 0, 0, 0, 0, 0, 20, 77
"/Users/higu/Project/tbls/output/md/templates/viewpoint.md.tmpl", "Go Template File", 0, 0, 0, 0, 0, 0, 0, 0, 27, 0, 0, 0, 0, 0, 10, 37
"/Users/higu/Project/tbls/output/mermaid/mermaid.go", "Go", 88, 0, 0, 0, 0, 0, 0, 0, 0, 0, 0, 0, 0, 5, 12, 105
"/Users/higu/Project/tbls/output/mermaid/mermaid_test.go", "Go", 137, 0, 0, 0, 0, 0, 0, 0, 0, 0, 0, 0, 0, 2, 11, 150
"/Users/higu/Project/tbls/output/mermaid/templates/schema.mermaid.tmpl", "Go Template File", 0, 0, 0, 0, 0, 0, 0, 0, 15, 0, 0, 0, 0, 0, 1, 16
"/Users/higu/Project/tbls/output/mermaid/templates/table.mermaid.tmpl", "Go Template File", 0, 0, 0, 0, 0, 0, 0, 0, 21, 0, 0, 0, 0, 0, 3, 24
"/Users/higu/Project/tbls/output/output.go", "Go", 104, 0, 0, 0, 0, 0, 0, 0, 0, 0, 0, 0, 0, 1, 8, 113
"/Users/higu/Project/tbls/output/output_test.go", "Go", 48, 0, 0, 0, 0, 0, 0, 0, 0, 0, 0, 0, 0, 0, 6, 54
"/Users/higu/Project/tbls/output/plantuml/plantuml.go", "Go", 88, 0, 0, 0, 0, 0, 0, 0, 0, 0, 0, 0, 0, 5, 12, 105
"/Users/higu/Project/tbls/output/plantuml/plantuml_test.go", "Go", 138, 0, 0, 0, 0, 0, 0, 0, 0, 0, 0, 0, 0, 2, 10, 150
"/Users/higu/Project/tbls/output/plantuml/templates/schema.puml.tmpl", "Go Template File", 0, 0, 0, 0, 0, 0, 0, 0, 32, 0, 0, 0, 0, 0, 5, 37
"/Users/higu/Project/tbls/output/plantuml/templates/table.puml.tmpl", "Go Template File", 0, 0, 0, 0, 0, 0, 0, 0, 42, 0, 0, 0, 0, 0, 5, 47
"/Users/higu/Project/tbls/output/xlsx/xlsx.go", "Go", 264, 0, 0, 0, 0, 0, 0, 0, 0, 0, 0, 0, 0, 16, 26, 306
"/Users/higu/Project/tbls/output/yaml/yaml.go", "Go", 23, 0, 0, 0, 0, 0, 0, 0, 0, 0, 0, 0, 0, 3, 6, 32
"/Users/higu/Project/tbls/output/yaml/yaml_test.go", "Go", 69, 0, 0, 0, 0, 0, 0, 0, 0, 0, 0, 0, 0, 0, 10, 79
"/Users/higu/Project/tbls/sample/adjust/README.md", "Markdown", 0, 50, 0, 0, 0, 0, 0, 0, 0, 0, 0, 0, 0, 0, 15, 65
"/Users/higu/Project/tbls/sample/adjust/administrator.blogs.md", "Markdown", 0, 29, 0, 0, 0, 0, 0, 0, 0, 0, 0, 0, 0, 0, 15, 44
"/Users/higu/Project/tbls/sample/adjust/administrator.blogs.svg", "SVG", 0, 0, 0, 69, 0, 0, 0, 0, 0, 0, 0, 0, 0, 6, 1, 76
"/Users/higu/Project/tbls/sample/adjust/backup.blog_options.md", "Markdown", 0, 22, 0, 0, 0, 0, 0, 0, 0, 0, 0, 0, 0, 0, 12, 34
"/Users/higu/Project/tbls/sample/adjust/backup.blog_options.svg", "SVG", 0, 0, 0, 60, 0, 0, 0, 0, 0, 0, 0, 0, 0, 6, 1, 67
"/Users/higu/Project/tbls/sample/adjust/backup.blogs.md", "Markdown", 0, 22, 0, 0, 0, 0, 0, 0, 0, 0, 0, 0, 0, 0, 12, 34
"/Users/higu/Project/tbls/sample/adjust/backup.blogs.svg", "SVG", 0, 0, 0, 60, 0, 0, 0, 0, 0, 0, 0, 0, 0, 6, 1, 67
"/Users/higu/Project/tbls/sample/adjust/public.CamelizeTable.md", "Markdown", 0, 19, 0, 0, 0, 0, 0, 0, 0, 0, 0, 0, 0, 0, 12, 31
"/Users/higu/Project/tbls/sample/adjust/public.CamelizeTable.svg", "SVG", 0, 0, 0, 51, 0, 0, 0, 0, 0, 0, 0, 0, 0, 6, 1, 58
"/Users/higu/Project/tbls/sample/adjust/public.comment_stars.md", "Markdown", 0, 25, 0, 0, 0, 0, 0, 0, 0, 0, 0, 0, 0, 0, 12, 37
"/Users/higu/Project/tbls/sample/adjust/public.comment_stars.svg", "SVG", 0, 0, 0, 139, 0, 0, 0, 0, 0, 0, 0, 0, 0, 10, 1, 150
"/Users/higu/Project/tbls/sample/adjust/public.comments.md", "Markdown", 0, 33, 0, 0, 0, 0, 0, 0, 0, 0, 0, 0, 0, 0, 13, 46
"/Users/higu/Project/tbls/sample/adjust/public.comments.svg", "SVG", 0, 0, 0, 177, 0, 0, 0, 0, 0, 0, 0, 0, 0, 12, 1, 190
"/Users/higu/Project/tbls/sample/adjust/public.hyphen-table.md", "Markdown", 0, 22, 0, 0, 0, 0, 0, 0, 0, 0, 0, 0, 0, 0, 12, 34
"/Users/higu/Project/tbls/sample/adjust/public.hyphen-table.svg", "SVG", 0, 0, 0, 51, 0, 0, 0, 0, 0, 0, 0, 0, 0, 6, 1, 58
"/Users/higu/Project/tbls/sample/adjust/public.logs.md", "Markdown", 0, 17, 0, 0, 0, 0, 0, 0, 0, 0, 0, 0, 0, 0, 9, 26
"/Users/higu/Project/tbls/sample/adjust/public.logs.svg", "SVG", 0, 0, 0, 177, 0, 0, 0, 0, 0, 0, 0, 0, 0, 12, 1, 190
"/Users/higu/Project/tbls/sample/adjust/public.post_comment_stars.md", "Markdown", 0, 40, 0, 0, 0, 0, 0, 0, 0, 0, 0, 0, 0, 0, 15, 55
"/Users/higu/Project/tbls/sample/adjust/public.post_comment_stars.svg", "SVG", 0, 0, 0, 34, 0, 0, 0, 0, 0, 0, 0, 0, 0, 4, 1, 39
"/Users/higu/Project/tbls/sample/adjust/public.post_comments.md", "Markdown", 0, 45, 0, 0, 0, 0, 0, 0, 0, 0, 0, 0, 0, 0, 16, 61
"/Users/higu/Project/tbls/sample/adjust/public.post_comments.svg", "SVG", 0, 0, 0, 40, 0, 0, 0, 0, 0, 0, 0, 0, 0, 4, 1, 45
"/Users/higu/Project/tbls/sample/adjust/public.posts.md", "Markdown", 0, 39, 0, 0, 0, 0, 0, 0, 0, 0, 0, 0, 0, 0, 17, 56
"/Users/higu/Project/tbls/sample/adjust/public.posts.svg", "SVG", 0, 0, 0, 145, 0, 0, 0, 0, 0, 0, 0, 0, 0, 10, 1, 156
"/Users/higu/Project/tbls/sample/adjust/public.user_options.md", "Markdown", 0, 23, 0, 0, 0, 0, 0, 0, 0, 0, 0, 0, 0, 0, 13, 36
"/Users/higu/Project/tbls/sample/adjust/public.user_options.svg", "SVG", 0, 0, 0, 63, 0, 0, 0, 0, 0, 0, 0, 0, 0, 6, 1, 70
"/Users/higu/Project/tbls/sample/adjust/public.users.md", "Markdown", 0, 33, 0, 0, 0, 0, 0, 0, 0, 0, 0, 0, 0, 0, 15, 48
"/Users/higu/Project/tbls/sample/adjust/public.users.svg", "SVG", 0, 0, 0, 235, 0, 0, 0, 0, 0, 0, 0, 0, 0, 16, 1, 252
"/Users/higu/Project/tbls/sample/adjust/schema.json", "JSON", 0, 0, 0, 0, 1, 0, 0, 0, 0, 0, 0, 0, 0, 0, 1, 2
"/Users/higu/Project/tbls/sample/adjust/schema.svg", "SVG", 0, 0, 0, 456, 0, 0, 0, 0, 0, 0, 0, 0, 0, 34, 1, 491
"/Users/higu/Project/tbls/sample/adjust/time.bar.md", "Markdown", 0, 18, 0, 0, 0, 0, 0, 0, 0, 0, 0, 0, 0, 0, 12, 30
"/Users/higu/Project/tbls/sample/adjust/time.bar.svg", "SVG", 0, 0, 0, 45, 0, 0, 0, 0, 0, 0, 0, 0, 0, 6, 1, 52
"/Users/higu/Project/tbls/sample/adjust/time.hyphenated-table.md", "Markdown", 0, 18, 0, 0, 0, 0, 0, 0, 0, 0, 0, 0, 0, 0, 12, 30
"/Users/higu/Project/tbls/sample/adjust/time.hyphenated-table.svg", "SVG", 0, 0, 0, 45, 0, 0, 0, 0, 0, 0, 0, 0, 0, 6, 1, 52
"/Users/higu/Project/tbls/sample/adjust/time.referencing.md", "Markdown", 0, 22, 0, 0, 0, 0, 0, 0, 0, 0, 0, 0, 0, 0, 12, 34
"/Users/higu/Project/tbls/sample/adjust/time.referencing.svg", "SVG", 0, 0, 0, 62, 0, 0, 0, 0, 0, 0, 0, 0, 0, 8, 1, 71
"/Users/higu/Project/tbls/sample/adjust/viewpoint-0.md", "Markdown", 0, 13, 0, 0, 0, 0, 0, 0, 0, 0, 0, 0, 0, 0, 9, 22
"/Users/higu/Project/tbls/sample/adjust/viewpoint-0.svg", "SVG", 0, 0, 0, 94, 0, 0, 0, 0, 0, 0, 0, 0, 0, 6, 1, 101
"/Users/higu/Project/tbls/sample/adjust/viewpoint-1.md", "Markdown", 0, 11, 0, 0, 0, 0, 0, 0, 0, 0, 0, 0, 0, 0, 9, 20
"/Users/higu/Project/tbls/sample/adjust/viewpoint-1.svg", "SVG", 0, 0, 0, 36, 0, 0, 0, 0, 0, 0, 0, 0, 0, 4, 1, 41
"/Users/higu/Project/tbls/sample/bigquery_census_bureau_international/README.md", "Markdown", 0, 24, 0, 0, 0, 0, 0, 0, 0, 0, 0, 0, 0, 0, 15, 39
"/Users/higu/Project/tbls/sample/bigquery_census_bureau_international/age_specific_fertility_rates.md", "Markdown", 0, 24, 0, 0, 0, 0, 0, 0, 0, 0, 0, 0, 0, 0, 10, 34
"/Users/higu/Project/tbls/sample/bigquery_census_bureau_international/age_specific_fertility_rates.svg", "SVG", 0, 0, 0, 58, 0, 0, 0, 0, 0, 0, 0, 0, 0, 4, 1, 63
"/Users/higu/Project/tbls/sample/bigquery_census_bureau_international/birth_death_growth_rates.md", "Markdown", 0, 19, 0, 0, 0, 0, 0, 0, 0, 0, 0, 0, 0, 0, 10, 29
"/Users/higu/Project/tbls/sample/bigquery_census_bureau_international/birth_death_growth_rates.svg", "SVG", 0, 0, 0, 43, 0, 0, 0, 0, 0, 0, 0, 0, 0, 4, 1, 48
"/Users/higu/Project/tbls/sample/bigquery_census_bureau_international/country_names_area.md", "Markdown", 0, 14, 0, 0, 0, 0, 0, 0, 0, 0, 0, 0, 0, 0, 10, 24
"/Users/higu/Project/tbls/sample/bigquery_census_bureau_international/country_names_area.svg", "SVG", 0, 0, 0, 28, 0, 0, 0, 0, 0, 0, 0, 0, 0, 4, 1, 33
"/Users/higu/Project/tbls/sample/bigquery_census_bureau_international/midyear_population.md", "Markdown", 0, 15, 0, 0, 0, 0, 0, 0, 0, 0, 0, 0, 0, 0, 10, 25
"/Users/higu/Project/tbls/sample/bigquery_census_bureau_international/midyear_population.svg", "SVG", 0, 0, 0, 31, 0, 0, 0, 0, 0, 0, 0, 0, 0, 4, 1, 36
"/Users/higu/Project/tbls/sample/bigquery_census_bureau_international/midyear_population_5yr_age_sex.md", "Markdown", 0, 21, 0, 0, 0, 0, 0, 0, 0, 0, 0, 0, 0, 0, 10, 31
"/Users/higu/Project/tbls/sample/bigquery_census_bureau_international/midyear_population_5yr_age_sex.svg", "SVG", 0, 0, 0, 49, 0, 0, 0, 0, 0, 0, 0, 0, 0, 4, 1, 54
"/Users/higu/Project/tbls/sample/bigquery_census_bureau_international/midyear_population_age_sex.md", "Markdown", 0, 117, 0, 0, 0, 0, 0, 0, 0, 0, 0, 0, 0, 0, 10, 127
"/Users/higu/Project/tbls/sample/bigquery_census_bureau_international/midyear_population_age_sex.svg", "SVG", 0, 0, 0, 337, 0, 0, 0, 0, 0, 0, 0, 0, 0, 4, 1, 342
"/Users/higu/Project/tbls/sample/bigquery_census_bureau_international/midyear_population_agespecific.md", "Markdown", 0, 17, 0, 0, 0, 0, 0, 0, 0, 0, 0, 0, 0, 0, 10, 27
"/Users/higu/Project/tbls/sample/bigquery_census_bureau_international/midyear_population_agespecific.svg", "SVG", 0, 0, 0, 37, 0, 0, 0, 0, 0, 0, 0, 0, 0, 4, 1, 42
"/Users/higu/Project/tbls/sample/bigquery_census_bureau_international/mortality_life_expectancy.md", "Markdown", 0, 26, 0, 0, 0, 0, 0, 0, 0, 0, 0, 0, 0, 0, 10, 36
"/Users/higu/Project/tbls/sample/bigquery_census_bureau_international/mortality_life_expectancy.svg", "SVG", 0, 0, 0, 64, 0, 0, 0, 0, 0, 0, 0, 0, 0, 4, 1, 69
"/Users/higu/Project/tbls/sample/bigquery_census_bureau_international/schema.svg", "SVG", 0, 0, 0, 569, 0, 0, 0, 0, 0, 0, 0, 0, 0, 11, 1, 581
"/Users/higu/Project/tbls/sample/bigquery_crypto_bitcoin/README.md", "Markdown", 0, 12, 0, 0, 0, 0, 0, 0, 0, 0, 0, 0, 0, 0, 7, 19
"/Users/higu/Project/tbls/sample/bigquery_crypto_bitcoin/blocks.md", "Markdown", 0, 24, 0, 0, 0, 0, 0, 0, 0, 0, 0, 0, 0, 0, 9, 33
"/Users/higu/Project/tbls/sample/bigquery_crypto_bitcoin/blocks.svg", "SVG", 0, 0, 0, 277, 0, 0, 0, 0, 0, 0, 0, 0, 0, 10, 1, 288
"/Users/higu/Project/tbls/sample/bigquery_crypto_bitcoin/inputs.md", "Markdown", 0, 51, 0, 0, 0, 0, 0, 0, 0, 0, 0, 0, 0, 0, 14, 65
"/Users/higu/Project/tbls/sample/bigquery_crypto_bitcoin/inputs.svg", "SVG", 0, 0, 0, 236, 0, 0, 0, 0, 0, 0, 0, 0, 0, 9, 1, 246
"/Users/higu/Project/tbls/sample/bigquery_crypto_bitcoin/outputs.md", "Markdown", 0, 45, 0, 0, 0, 0, 0, 0, 0, 0, 0, 0, 0, 0, 14, 59
"/Users/higu/Project/tbls/sample/bigquery_crypto_bitcoin/outputs.svg", "SVG", 0, 0, 0, 221, 0, 0, 0, 0, 0, 0, 0, 0, 0, 8, 1, 230
"/Users/higu/Project/tbls/sample/bigquery_crypto_bitcoin/schema.svg", "SVG", 0, 0, 0, 294, 0, 0, 0, 0, 0, 0, 0, 0, 0, 13, 1, 308
"/Users/higu/Project/tbls/sample/bigquery_crypto_bitcoin/transactions.md", "Markdown", 0, 47, 0, 0, 0, 0, 0, 0, 0, 0, 0, 0, 0, 0, 12, 59
"/Users/higu/Project/tbls/sample/bigquery_crypto_bitcoin/transactions.svg", "SVG", 0, 0, 0, 283, 0, 0, 0, 0, 0, 0, 0, 0, 0, 11, 1, 295
"/Users/higu/Project/tbls/sample/clickhouse/README.md", "Markdown", 0, 19, 0, 0, 0, 0, 0, 0, 0, 0, 0, 0, 0, 0, 9, 28
"/Users/higu/Project/tbls/sample/clickhouse/id_value_dictionary.md", "Markdown", 0, 17, 0, 0, 0, 0, 0, 0, 0, 0, 0, 0, 0, 0, 11, 28
"/Users/higu/Project/tbls/sample/clickhouse/id_value_dictionary.svg", "SVG", 0, 0, 0, 25, 0, 0, 0, 0, 0, 0, 0, 0, 0, 4, 1, 30
"/Users/higu/Project/tbls/sample/clickhouse/materialized_view.md", "Markdown", 0, 21, 0, 0, 0, 0, 0, 0, 0, 0, 0, 0, 0, 0, 13, 34
"/Users/higu/Project/tbls/sample/clickhouse/materialized_view.svg", "SVG", 0, 0, 0, 25, 0, 0, 0, 0, 0, 0, 0, 0, 0, 4, 1, 30
"/Users/higu/Project/tbls/sample/clickhouse/numbers_table.md", "Markdown", 0, 16, 0, 0, 0, 0, 0, 0, 0, 0, 0, 0, 0, 0, 11, 27
"/Users/higu/Project/tbls/sample/clickhouse/numbers_table.svg", "SVG", 0, 0, 0, 22, 0, 0, 0, 0, 0, 0, 0, 0, 0, 4, 1, 27
"/Users/higu/Project/tbls/sample/clickhouse/schema.json", "JSON", 0, 0, 0, 0, 1, 0, 0, 0, 0, 0, 0, 0, 0, 0, 1, 2
"/Users/higu/Project/tbls/sample/clickhouse/schema.svg", "SVG", 0, 0, 0, 129, 0, 0, 0, 0, 0, 0, 0, 0, 0, 10, 1, 140
"/Users/higu/Project/tbls/sample/clickhouse/source_table.md", "Markdown", 0, 22, 0, 0, 0, 0, 0, 0, 0, 0, 0, 0, 0, 0, 13, 35
"/Users/higu/Project/tbls/sample/clickhouse/source_table.svg", "SVG", 0, 0, 0, 25, 0, 0, 0, 0, 0, 0, 0, 0, 0, 4, 1, 30
"/Users/higu/Project/tbls/sample/clickhouse/t1.md", "Markdown", 0, 16, 0, 0, 0, 0, 0, 0, 0, 0, 0, 0, 0, 0, 11, 27
"/Users/higu/Project/tbls/sample/clickhouse/t1.svg", "SVG", 0, 0, 0, 22, 0, 0, 0, 0, 0, 0, 0, 0, 0, 4, 1, 27
"/Users/higu/Project/tbls/sample/clickhouse/table_name.md", "Markdown", 0, 37, 0, 0, 0, 0, 0, 0, 0, 0, 0, 0, 0, 0, 16, 53
"/Users/higu/Project/tbls/sample/clickhouse/table_name.svg", "SVG", 0, 0, 0, 43, 0, 0, 0, 0, 0, 0, 0, 0, 0, 4, 1, 48
"/Users/higu/Project/tbls/sample/clickhouse/view.md", "Markdown", 0, 20, 0, 0, 0, 0, 0, 0, 0, 0, 0, 0, 0, 0, 11, 31
"/Users/higu/Project/tbls/sample/clickhouse/view.svg", "SVG", 0, 0, 0, 34, 0, 0, 0, 0, 0, 0, 0, 0, 0, 4, 1, 39
"/Users/higu/Project/tbls/sample/detect_relations/CamelizeTable.md", "Markdown", 0, 29, 0, 0, 0, 0, 0, 0, 0, 0, 0, 0, 0, 0, 15, 44
"/Users/higu/Project/tbls/sample/detect_relations/CamelizeTable.svg", "SVG", 0, 0, 0, 25, 0, 0, 0, 0, 0, 0, 0, 0, 0, 4, 1, 30
"/Users/higu/Project/tbls/sample/detect_relations/README.md", "Markdown", 0, 26, 0, 0, 0, 0, 0, 0, 0, 0, 0, 0, 0, 0, 13, 39
"/Users/higu/Project/tbls/sample/detect_relations/comment_stars.md", "Markdown", 0, 40, 0, 0, 0, 0, 0, 0, 0, 0, 0, 0, 0, 0, 15, 55
"/Users/higu/Project/tbls/sample/detect_relations/comment_stars.svg", "SVG", 0, 0, 0, 104, 0, 0, 0, 0, 0, 0, 0, 0, 0, 8, 1, 113
"/Users/higu/Project/tbls/sample/detect_relations/comments.md", "Markdown", 0, 46, 0, 0, 0, 0, 0, 0, 0, 0, 0, 0, 0, 0, 16, 62
"/Users/higu/Project/tbls/sample/detect_relations/comments.svg", "SVG", 0, 0, 0, 139, 0, 0, 0, 0, 0, 0, 0, 0, 0, 10, 1, 150
"/Users/higu/Project/tbls/sample/detect_relations/hyphen-table.md", "Markdown", 0, 31, 0, 0, 0, 0, 0, 0, 0, 0, 0, 0, 0, 0, 15, 46
"/Users/higu/Project/tbls/sample/detect_relations/hyphen-table.svg", "SVG", 0, 0, 0, 28, 0, 0, 0, 0, 0, 0, 0, 0, 0, 4, 1, 33
"/Users/higu/Project/tbls/sample/detect_relations/logs.md", "Markdown", 0, 40, 0, 0, 0, 0, 0, 0, 0, 0, 0, 0, 0, 0, 16, 56
"/Users/higu/Project/tbls/sample/detect_relations/logs.svg", "SVG", 0, 0, 0, 171, 0, 0, 0, 0, 0, 0, 0, 0, 0, 12, 1, 184
"/Users/higu/Project/tbls/sample/detect_relations/post_comments.md", "Markdown", 0, 29, 0, 0, 0, 0, 0, 0, 0, 0, 0, 0, 0, 0, 14, 43
"/Users/higu/Project/tbls/sample/detect_relations/post_comments.svg", "SVG", 0, 0, 0, 40, 0, 0, 0, 0, 0, 0, 0, 0, 0, 4, 1, 45
"/Users/higu/Project/tbls/sample/detect_relations/posts.md", "Markdown", 0, 51, 0, 0, 0, 0, 0, 0, 0, 0, 0, 0, 0, 0, 20, 71
"/Users/higu/Project/tbls/sample/detect_relations/posts.svg", "SVG", 0, 0, 0, 139, 0, 0, 0, 0, 0, 0, 0, 0, 0, 10, 1, 150
"/Users/higu/Project/tbls/sample/detect_relations/schema.json", "JSON", 0, 0, 0, 0, 1, 0, 0, 0, 0, 0, 0, 0, 0, 0, 1, 2
"/Users/higu/Project/tbls/sample/detect_relations/schema.svg", "SVG", 0, 0, 0, 280, 0, 0, 0, 0, 0, 0, 0, 0, 0, 21, 1, 302
"/Users/higu/Project/tbls/sample/detect_relations/user_options.md", "Markdown", 0, 39, 0, 0, 0, 0, 0, 0, 0, 0, 0, 0, 0, 0, 16, 55
"/Users/higu/Project/tbls/sample/detect_relations/user_options.svg", "SVG", 0, 0, 0, 63, 0, 0, 0, 0, 0, 0, 0, 0, 0, 6, 1, 70
"/Users/higu/Project/tbls/sample/detect_relations/users.md", "Markdown", 0, 44, 0, 0, 0, 0, 0, 0, 0, 0, 0, 0, 0, 0, 16, 60
"/Users/higu/Project/tbls/sample/detect_relations/users.svg", "SVG", 0, 0, 0, 197, 0, 0, 0, 0, 0, 0, 0, 0, 0, 14, 1, 212
"/Users/higu/Project/tbls/sample/detect_relations_singular/CamelizeTable.md", "Markdown", 0, 29, 0, 0, 0, 0, 0, 0, 0, 0, 0, 0, 0, 0, 15, 44
"/Users/higu/Project/tbls/sample/detect_relations_singular/CamelizeTable.svg", "SVG", 0, 0, 0, 25, 0, 0, 0, 0, 0, 0, 0, 0, 0, 4, 1, 30
"/Users/higu/Project/tbls/sample/detect_relations_singular/README.md", "Markdown", 0, 26, 0, 0, 0, 0, 0, 0, 0, 0, 0, 0, 0, 0, 13, 39
"/Users/higu/Project/tbls/sample/detect_relations_singular/comment.md", "Markdown", 0, 46, 0, 0, 0, 0, 0, 0, 0, 0, 0, 0, 0, 0, 16, 62
"/Users/higu/Project/tbls/sample/detect_relations_singular/comment.svg", "SVG", 0, 0, 0, 139, 0, 0, 0, 0, 0, 0, 0, 0, 0, 10, 1, 150
"/Users/higu/Project/tbls/sample/detect_relations_singular/comment_star.md", "Markdown", 0, 40, 0, 0, 0, 0, 0, 0, 0, 0, 0, 0, 0, 0, 15, 55
"/Users/higu/Project/tbls/sample/detect_relations_singular/comment_star.svg", "SVG", 0, 0, 0, 104, 0, 0, 0, 0, 0, 0, 0, 0, 0, 8, 1, 113
"/Users/higu/Project/tbls/sample/detect_relations_singular/hyphen-table.md", "Markdown", 0, 31, 0, 0, 0, 0, 0, 0, 0, 0, 0, 0, 0, 0, 15, 46
"/Users/higu/Project/tbls/sample/detect_relations_singular/hyphen-table.svg", "SVG", 0, 0, 0, 28, 0, 0, 0, 0, 0, 0, 0, 0, 0, 4, 1, 33
"/Users/higu/Project/tbls/sample/detect_relations_singular/log.md", "Markdown", 0, 40, 0, 0, 0, 0, 0, 0, 0, 0, 0, 0, 0, 0, 16, 56
"/Users/higu/Project/tbls/sample/detect_relations_singular/log.svg", "SVG", 0, 0, 0, 171, 0, 0, 0, 0, 0, 0, 0, 0, 0, 12, 1, 184
"/Users/higu/Project/tbls/sample/detect_relations_singular/post.md", "Markdown", 0, 51, 0, 0, 0, 0, 0, 0, 0, 0, 0, 0, 0, 0, 20, 71
"/Users/higu/Project/tbls/sample/detect_relations_singular/post.svg", "SVG", 0, 0, 0, 139, 0, 0, 0, 0, 0, 0, 0, 0, 0, 10, 1, 150
"/Users/higu/Project/tbls/sample/detect_relations_singular/post_comment.md", "Markdown", 0, 29, 0, 0, 0, 0, 0, 0, 0, 0, 0, 0, 0, 0, 14, 43
"/Users/higu/Project/tbls/sample/detect_relations_singular/post_comment.svg", "SVG", 0, 0, 0, 40, 0, 0, 0, 0, 0, 0, 0, 0, 0, 4, 1, 45
"/Users/higu/Project/tbls/sample/detect_relations_singular/schema.json", "JSON", 0, 0, 0, 0, 1, 0, 0, 0, 0, 0, 0, 0, 0, 0, 1, 2
"/Users/higu/Project/tbls/sample/detect_relations_singular/schema.svg", "SVG", 0, 0, 0, 280, 0, 0, 0, 0, 0, 0, 0, 0, 0, 21, 1, 302
"/Users/higu/Project/tbls/sample/detect_relations_singular/user.md", "Markdown", 0, 44, 0, 0, 0, 0, 0, 0, 0, 0, 0, 0, 0, 0, 16, 60
"/Users/higu/Project/tbls/sample/detect_relations_singular/user.svg", "SVG", 0, 0, 0, 197, 0, 0, 0, 0, 0, 0, 0, 0, 0, 14, 1, 212
"/Users/higu/Project/tbls/sample/detect_relations_singular/user_option.md", "Markdown", 0, 39, 0, 0, 0, 0, 0, 0, 0, 0, 0, 0, 0, 0, 16, 55
"/Users/higu/Project/tbls/sample/detect_relations_singular/user_option.svg", "SVG", 0, 0, 0, 63, 0, 0, 0, 0, 0, 0, 0, 0, 0, 6, 1, 70
"/Users/higu/Project/tbls/sample/dict/CamelizeTable.md", "Markdown", 0, 29, 0, 0, 0, 0, 0, 0, 0, 0, 0, 0, 0, 0, 15, 44
"/Users/higu/Project/tbls/sample/dict/CamelizeTable.svg", "SVG", 0, 0, 0, 25, 0, 0, 0, 0, 0, 0, 0, 0, 0, 4, 1, 30
"/Users/higu/Project/tbls/sample/dict/README.md", "Markdown", 0, 23, 0, 0, 0, 0, 0, 0, 0, 0, 0, 0, 0, 0, 9, 32
"/Users/higu/Project/tbls/sample/dict/comment_stars.md", "Markdown", 0, 48, 0, 0, 0, 0, 0, 0, 0, 0, 0, 0, 0, 0, 15, 63
"/Users/higu/Project/tbls/sample/dict/comment_stars.svg", "SVG", 0, 0, 0, 104, 0, 0, 0, 0, 0, 0, 0, 0, 0, 8, 1, 113
"/Users/higu/Project/tbls/sample/dict/comments.md", "Markdown", 0, 54, 0, 0, 0, 0, 0, 0, 0, 0, 0, 0, 0, 0, 16, 70
"/Users/higu/Project/tbls/sample/dict/comments.svg", "SVG", 0, 0, 0, 139, 0, 0, 0, 0, 0, 0, 0, 0, 0, 10, 1, 150
"/Users/higu/Project/tbls/sample/dict/hyphen-table.md", "Markdown", 0, 31, 0, 0, 0, 0, 0, 0, 0, 0, 0, 0, 0, 0, 15, 46
"/Users/higu/Project/tbls/sample/dict/hyphen-table.svg", "SVG", 0, 0, 0, 28, 0, 0, 0, 0, 0, 0, 0, 0, 0, 4, 1, 33
"/Users/higu/Project/tbls/sample/dict/logs.md", "Markdown", 0, 40, 0, 0, 0, 0, 0, 0, 0, 0, 0, 0, 0, 0, 16, 56
"/Users/higu/Project/tbls/sample/dict/logs.svg", "SVG", 0, 0, 0, 40, 0, 0, 0, 0, 0, 0, 0, 0, 0, 4, 1, 45
"/Users/higu/Project/tbls/sample/dict/long_long_long_long_long_long_long_long_table_name.md", "Markdown", 0, 29, 0, 0, 0, 0, 0, 0, 0, 0, 0, 0, 0, 0, 15, 44
"/Users/higu/Project/tbls/sample/dict/long_long_long_long_long_long_long_long_table_name.svg", "SVG", 0, 0, 0, 25, 0, 0, 0, 0, 0, 0, 0, 0, 0, 4, 1, 30
"/Users/higu/Project/tbls/sample/dict/post_comments.md", "Markdown", 0, 29, 0, 0, 0, 0, 0, 0, 0, 0, 0, 0, 0, 0, 14, 43
"/Users/higu/Project/tbls/sample/dict/post_comments.svg", "SVG", 0, 0, 0, 40, 0, 0, 0, 0, 0, 0, 0, 0, 0, 4, 1, 45
"/Users/higu/Project/tbls/sample/dict/posts.md", "Markdown", 0, 51, 0, 0, 0, 0, 0, 0, 0, 0, 0, 0, 0, 0, 18, 69
"/Users/higu/Project/tbls/sample/dict/posts.svg", "SVG", 0, 0, 0, 107, 0, 0, 0, 0, 0, 0, 0, 0, 0, 8, 1, 116
"/Users/higu/Project/tbls/sample/dict/schema.json", "JSON", 0, 0, 0, 0, 1, 0, 0, 0, 0, 0, 0, 0, 0, 0, 1, 2
"/Users/higu/Project/tbls/sample/dict/schema.svg", "SVG", 0, 0, 0, 279, 0, 0, 0, 0, 0, 0, 0, 0, 0, 19, 1, 299
"/Users/higu/Project/tbls/sample/dict/user_options.md", "Markdown", 0, 39, 0, 0, 0, 0, 0, 0, 0, 0, 0, 0, 0, 0, 16, 55
"/Users/higu/Project/tbls/sample/dict/user_options.svg", "SVG", 0, 0, 0, 63, 0, 0, 0, 0, 0, 0, 0, 0, 0, 6, 1, 70
"/Users/higu/Project/tbls/sample/dict/users.md", "Markdown", 0, 46, 0, 0, 0, 0, 0, 0, 0, 0, 0, 0, 0, 0, 16, 62
"/Users/higu/Project/tbls/sample/dict/users.svg", "SVG", 0, 0, 0, 165, 0, 0, 0, 0, 0, 0, 0, 0, 0, 12, 1, 178
"/Users/higu/Project/tbls/sample/dynamodb/Forum.md", "Markdown", 0, 14, 0, 0, 0, 0, 0, 0, 0, 0, 0, 0, 0, 0, 10, 24
"/Users/higu/Project/tbls/sample/dynamodb/Forum.svg", "SVG", 0, 0, 0, 42, 0, 0, 0, 0, 0, 0, 0, 0, 0, 6, 1, 49
"/Users/higu/Project/tbls/sample/dynamodb/ProductCatalog.md", "Markdown", 0, 14, 0, 0, 0, 0, 0, 0, 0, 0, 0, 0, 0, 0, 10, 24
"/Users/higu/Project/tbls/sample/dynamodb/ProductCatalog.svg", "SVG", 0, 0, 0, 22, 0, 0, 0, 0, 0, 0, 0, 0, 0, 4, 1, 27
"/Users/higu/Project/tbls/sample/dynamodb/README.md", "Markdown", 0, 12, 0, 0, 0, 0, 0, 0, 0, 0, 0, 0, 0, 0, 7, 19
"/Users/higu/Project/tbls/sample/dynamodb/Reply.md", "Markdown", 0, 20, 0, 0, 0, 0, 0, 0, 0, 0, 0, 0, 0, 0, 12, 32
"/Users/higu/Project/tbls/sample/dynamodb/Reply.svg", "SVG", 0, 0, 0, 28, 0, 0, 0, 0, 0, 0, 0, 0, 0, 4, 1, 33
"/Users/higu/Project/tbls/sample/dynamodb/Thread.md", "Markdown", 0, 15, 0, 0, 0, 0, 0, 0, 0, 0, 0, 0, 0, 0, 10, 25
"/Users/higu/Project/tbls/sample/dynamodb/Thread.svg", "SVG", 0, 0, 0, 42, 0, 0, 0, 0, 0, 0, 0, 0, 0, 6, 1, 49
"/Users/higu/Project/tbls/sample/dynamodb/schema.json", "JSON", 0, 0, 0, 0, 1, 0, 0, 0, 0, 0, 0, 0, 0, 0, 1, 2
"/Users/higu/Project/tbls/sample/dynamodb/schema.svg", "SVG", 0, 0, 0, 69, 0, 0, 0, 0, 0, 0, 0, 0, 0, 8, 1, 78
"/Users/higu/Project/tbls/sample/exclude/README.md", "Markdown", 0, 21, 0, 0, 0, 0, 0, 0, 0, 0, 0, 0, 0, 0, 9, 30
"/Users/higu/Project/tbls/sample/exclude/comment_stars.md", "Markdown", 0, 48, 0, 0, 0, 0, 0, 0, 0, 0, 0, 0, 0, 0, 15, 63
"/Users/higu/Project/tbls/sample/exclude/comment_stars.svg", "SVG", 0, 0, 0, 104, 0, 0, 0, 0, 0, 0, 0, 0, 0, 8, 1, 113
"/Users/higu/Project/tbls/sample/exclude/comments.md", "Markdown", 0, 54, 0, 0, 0, 0, 0, 0, 0, 0, 0, 0, 0, 0, 16, 70
"/Users/higu/Project/tbls/sample/exclude/comments.svg", "SVG", 0, 0, 0, 139, 0, 0, 0, 0, 0, 0, 0, 0, 0, 10, 1, 150
"/Users/higu/Project/tbls/sample/exclude/hyphen-table.md", "Markdown", 0, 31, 0, 0, 0, 0, 0, 0, 0, 0, 0, 0, 0, 0, 15, 46
"/Users/higu/Project/tbls/sample/exclude/hyphen-table.svg", "SVG", 0, 0, 0, 28, 0, 0, 0, 0, 0, 0, 0, 0, 0, 4, 1, 33
"/Users/higu/Project/tbls/sample/exclude/long_long_long_long_long_long_long_long_table_name.md", "Markdown", 0, 29, 0, 0, 0, 0, 0, 0, 0, 0, 0, 0, 0, 0, 15, 44
"/Users/higu/Project/tbls/sample/exclude/long_long_long_long_long_long_long_long_table_name.svg", "SVG", 0, 0, 0, 25, 0, 0, 0, 0, 0, 0, 0, 0, 0, 4, 1, 30
"/Users/higu/Project/tbls/sample/exclude/post_comments.md", "Markdown", 0, 29, 0, 0, 0, 0, 0, 0, 0, 0, 0, 0, 0, 0, 14, 43
"/Users/higu/Project/tbls/sample/exclude/post_comments.svg", "SVG", 0, 0, 0, 40, 0, 0, 0, 0, 0, 0, 0, 0, 0, 4, 1, 45
"/Users/higu/Project/tbls/sample/exclude/posts.md", "Markdown", 0, 51, 0, 0, 0, 0, 0, 0, 0, 0, 0, 0, 0, 0, 18, 69
"/Users/higu/Project/tbls/sample/exclude/posts.svg", "SVG", 0, 0, 0, 107, 0, 0, 0, 0, 0, 0, 0, 0, 0, 8, 1, 116
"/Users/higu/Project/tbls/sample/exclude/schema.json", "JSON", 0, 0, 0, 0, 1, 0, 0, 0, 0, 0, 0, 0, 0, 0, 1, 2
"/Users/higu/Project/tbls/sample/exclude/schema.svg", "SVG", 0, 0, 0, 236, 0, 0, 0, 0, 0, 0, 0, 0, 0, 17, 1, 254
"/Users/higu/Project/tbls/sample/exclude/user_options.md", "Markdown", 0, 39, 0, 0, 0, 0, 0, 0, 0, 0, 0, 0, 0, 0, 16, 55
"/Users/higu/Project/tbls/sample/exclude/user_options.svg", "SVG", 0, 0, 0, 63, 0, 0, 0, 0, 0, 0, 0, 0, 0, 6, 1, 70
"/Users/higu/Project/tbls/sample/exclude/users.md", "Markdown", 0, 46, 0, 0, 0, 0, 0, 0, 0, 0, 0, 0, 0, 0, 16, 62
"/Users/higu/Project/tbls/sample/exclude/users.svg", "SVG", 0, 0, 0, 165, 0, 0, 0, 0, 0, 0, 0, 0, 0, 12, 1, 178
"/Users/higu/Project/tbls/sample/font/CamelizeTable.md", "Markdown", 0, 29, 0, 0, 0, 0, 0, 0, 0, 0, 0, 0, 0, 0, 15, 44
"/Users/higu/Project/tbls/sample/font/README.md", "Markdown", 0, 25, 0, 0, 0, 0, 0, 0, 0, 0, 0, 0, 0, 0, 11, 36
"/Users/higu/Project/tbls/sample/font/comment_stars.md", "Markdown", 0, 48, 0, 0, 0, 0, 0, 0, 0, 0, 0, 0, 0, 0, 15, 63
"/Users/higu/Project/tbls/sample/font/comments.md", "Markdown", 0, 54, 0, 0, 0, 0, 0, 0, 0, 0, 0, 0, 0, 0, 16, 70
"/Users/higu/Project/tbls/sample/font/hyphen-table.md", "Markdown", 0, 31, 0, 0, 0, 0, 0, 0, 0, 0, 0, 0, 0, 0, 15, 46
"/Users/higu/Project/tbls/sample/font/logs.md", "Markdown", 0, 40, 0, 0, 0, 0, 0, 0, 0, 0, 0, 0, 0, 0, 16, 56
"/Users/higu/Project/tbls/sample/font/long_long_long_long_long_long_long_long_table_name.md", "Markdown", 0, 29, 0, 0, 0, 0, 0, 0, 0, 0, 0, 0, 0, 0, 15, 44
"/Users/higu/Project/tbls/sample/font/post_comments.md", "Markdown", 0, 29, 0, 0, 0, 0, 0, 0, 0, 0, 0, 0, 0, 0, 14, 43
"/Users/higu/Project/tbls/sample/font/posts.md", "Markdown", 0, 51, 0, 0, 0, 0, 0, 0, 0, 0, 0, 0, 0, 0, 18, 69
"/Users/higu/Project/tbls/sample/font/schema.json", "JSON", 0, 0, 0, 0, 1, 0, 0, 0, 0, 0, 0, 0, 0, 0, 1, 2
"/Users/higu/Project/tbls/sample/font/user_options.md", "Markdown", 0, 39, 0, 0, 0, 0, 0, 0, 0, 0, 0, 0, 0, 0, 16, 55
"/Users/higu/Project/tbls/sample/font/users.md", "Markdown", 0, 46, 0, 0, 0, 0, 0, 0, 0, 0, 0, 0, 0, 0, 16, 62
"/Users/higu/Project/tbls/sample/hide/CamelizeTable.md", "Markdown", 0, 29, 0, 0, 0, 0, 0, 0, 0, 0, 0, 0, 0, 0, 15, 44
"/Users/higu/Project/tbls/sample/hide/CamelizeTable.svg", "SVG", 0, 0, 0, 25, 0, 0, 0, 0, 0, 0, 0, 0, 0, 4, 1, 30
"/Users/higu/Project/tbls/sample/hide/README.md", "Markdown", 0, 25, 0, 0, 0, 0, 0, 0, 0, 0, 0, 0, 0, 0, 11, 36
"/Users/higu/Project/tbls/sample/hide/comment_stars.md", "Markdown", 0, 48, 0, 0, 0, 0, 0, 0, 0, 0, 0, 0, 0, 0, 15, 63
"/Users/higu/Project/tbls/sample/hide/comment_stars.svg", "SVG", 0, 0, 0, 104, 0, 0, 0, 0, 0, 0, 0, 0, 0, 8, 1, 113
"/Users/higu/Project/tbls/sample/hide/comments.md", "Markdown", 0, 54, 0, 0, 0, 0, 0, 0, 0, 0, 0, 0, 0, 0, 16, 70
"/Users/higu/Project/tbls/sample/hide/comments.svg", "SVG", 0, 0, 0, 139, 0, 0, 0, 0, 0, 0, 0, 0, 0, 10, 1, 150
"/Users/higu/Project/tbls/sample/hide/hyphen-table.md", "Markdown", 0, 31, 0, 0, 0, 0, 0, 0, 0, 0, 0, 0, 0, 0, 15, 46
"/Users/higu/Project/tbls/sample/hide/hyphen-table.svg", "SVG", 0, 0, 0, 28, 0, 0, 0, 0, 0, 0, 0, 0, 0, 4, 1, 33
"/Users/higu/Project/tbls/sample/hide/logs.md", "Markdown", 0, 40, 0, 0, 0, 0, 0, 0, 0, 0, 0, 0, 0, 0, 16, 56
"/Users/higu/Project/tbls/sample/hide/logs.svg", "SVG", 0, 0, 0, 40, 0, 0, 0, 0, 0, 0, 0, 0, 0, 4, 1, 45
"/Users/higu/Project/tbls/sample/hide/long_long_long_long_long_long_long_long_table_name.md", "Markdown", 0, 29, 0, 0, 0, 0, 0, 0, 0, 0, 0, 0, 0, 0, 15, 44
"/Users/higu/Project/tbls/sample/hide/long_long_long_long_long_long_long_long_table_name.svg", "SVG", 0, 0, 0, 25, 0, 0, 0, 0, 0, 0, 0, 0, 0, 4, 1, 30
"/Users/higu/Project/tbls/sample/hide/post_comments.md", "Markdown", 0, 29, 0, 0, 0, 0, 0, 0, 0, 0, 0, 0, 0, 0, 14, 43
"/Users/higu/Project/tbls/sample/hide/post_comments.svg", "SVG", 0, 0, 0, 40, 0, 0, 0, 0, 0, 0, 0, 0, 0, 4, 1, 45
"/Users/higu/Project/tbls/sample/hide/posts.md", "Markdown", 0, 53, 0, 0, 0, 0, 0, 0, 0, 0, 0, 0, 0, 0, 20, 73
"/Users/higu/Project/tbls/sample/hide/posts.svg", "SVG", 0, 0, 0, 107, 0, 0, 0, 0, 0, 0, 0, 0, 0, 8, 1, 116
"/Users/higu/Project/tbls/sample/hide/schema.json", "JSON", 0, 0, 0, 0, 1, 0, 0, 0, 0, 0, 0, 0, 0, 0, 1, 2
"/Users/higu/Project/tbls/sample/hide/schema.svg", "SVG", 0, 0, 0, 279, 0, 0, 0, 0, 0, 0, 0, 0, 0, 19, 1, 299
"/Users/higu/Project/tbls/sample/hide/user_options.md", "Markdown", 0, 39, 0, 0, 0, 0, 0, 0, 0, 0, 0, 0, 0, 0, 16, 55
"/Users/higu/Project/tbls/sample/hide/user_options.svg", "SVG", 0, 0, 0, 63, 0, 0, 0, 0, 0, 0, 0, 0, 0, 6, 1, 70
"/Users/higu/Project/tbls/sample/hide/users.md", "Markdown", 0, 46, 0, 0, 0, 0, 0, 0, 0, 0, 0, 0, 0, 0, 16, 62
"/Users/higu/Project/tbls/sample/hide/users.svg", "SVG", 0, 0, 0, 165, 0, 0, 0, 0, 0, 0, 0, 0, 0, 12, 1, 178
"/Users/higu/Project/tbls/sample/hide_not_related_column/CamelizeTable.md", "Markdown", 0, 29, 0, 0, 0, 0, 0, 0, 0, 0, 0, 0, 0, 0, 15, 44
"/Users/higu/Project/tbls/sample/hide_not_related_column/CamelizeTable.svg", "SVG", 0, 0, 0, 19, 0, 0, 0, 0, 0, 0, 0, 0, 0, 4, 1, 24
"/Users/higu/Project/tbls/sample/hide_not_related_column/README.md", "Markdown", 0, 27, 0, 0, 0, 0, 0, 0, 0, 0, 0, 0, 0, 0, 13, 40
"/Users/higu/Project/tbls/sample/hide_not_related_column/comment_stars.md", "Markdown", 0, 48, 0, 0, 0, 0, 0, 0, 0, 0, 0, 0, 0, 0, 15, 63
"/Users/higu/Project/tbls/sample/hide_not_related_column/comment_stars.svg", "SVG", 0, 0, 0, 94, 0, 0, 0, 0, 0, 0, 0, 0, 0, 10, 1, 105
"/Users/higu/Project/tbls/sample/hide_not_related_column/comments.md", "Markdown", 0, 54, 0, 0, 0, 0, 0, 0, 0, 0, 0, 0, 0, 0, 16, 70
"/Users/higu/Project/tbls/sample/hide_not_related_column/comments.svg", "SVG", 0, 0, 0, 114, 0, 0, 0, 0, 0, 0, 0, 0, 0, 12, 1, 127
"/Users/higu/Project/tbls/sample/hide_not_related_column/hyphen-table.md", "Markdown", 0, 31, 0, 0, 0, 0, 0, 0, 0, 0, 0, 0, 0, 0, 15, 46
"/Users/higu/Project/tbls/sample/hide_not_related_column/hyphen-table.svg", "SVG", 0, 0, 0, 19, 0, 0, 0, 0, 0, 0, 0, 0, 0, 4, 1, 24
"/Users/higu/Project/tbls/sample/hide_not_related_column/logs.md", "Markdown", 0, 40, 0, 0, 0, 0, 0, 0, 0, 0, 0, 0, 0, 0, 16, 56
"/Users/higu/Project/tbls/sample/hide_not_related_column/logs.svg", "SVG", 0, 0, 0, 114, 0, 0, 0, 0, 0, 0, 0, 0, 0, 12, 1, 127
"/Users/higu/Project/tbls/sample/hide_not_related_column/long_long_long_long_long_long_long_long_table_name.md", "Markdown", 0, 29, 0, 0, 0, 0, 0, 0, 0, 0, 0, 0, 0, 0, 15, 44
"/Users/higu/Project/tbls/sample/hide_not_related_column/long_long_long_long_long_long_long_long_table_name.svg", "SVG", 0, 0, 0, 19, 0, 0, 0, 0, 0, 0, 0, 0, 0, 4, 1, 24
"/Users/higu/Project/tbls/sample/hide_not_related_column/post_comments.md", "Markdown", 0, 29, 0, 0, 0, 0, 0, 0, 0, 0, 0, 0, 0, 0, 14, 43
"/Users/higu/Project/tbls/sample/hide_not_related_column/post_comments.svg", "SVG", 0, 0, 0, 19, 0, 0, 0, 0, 0, 0, 0, 0, 0, 4, 1, 24
"/Users/higu/Project/tbls/sample/hide_not_related_column/posts.md", "Markdown", 0, 53, 0, 0, 0, 0, 0, 0, 0, 0, 0, 0, 0, 0, 20, 73
"/Users/higu/Project/tbls/sample/hide_not_related_column/posts.svg", "SVG", 0, 0, 0, 91, 0, 0, 0, 0, 0, 0, 0, 0, 0, 10, 1, 102
"/Users/higu/Project/tbls/sample/hide_not_related_column/schema.json", "JSON", 0, 0, 0, 0, 1, 0, 0, 0, 0, 0, 0, 0, 0, 0, 1, 2
"/Users/higu/Project/tbls/sample/hide_not_related_column/schema.svg", "SVG", 0, 0, 0, 192, 0, 0, 0, 0, 0, 0, 0, 0, 0, 23, 1, 216
"/Users/higu/Project/tbls/sample/hide_not_related_column/user_options.md", "Markdown", 0, 39, 0, 0, 0, 0, 0, 0, 0, 0, 0, 0, 0, 0, 16, 55
"/Users/higu/Project/tbls/sample/hide_not_related_column/user_options.svg", "SVG", 0, 0, 0, 39, 0, 0, 0, 0, 0, 0, 0, 0, 0, 6, 1, 46
"/Users/higu/Project/tbls/sample/hide_not_related_column/users.md", "Markdown", 0, 46, 0, 0, 0, 0, 0, 0, 0, 0, 0, 0, 0, 0, 16, 62
"/Users/higu/Project/tbls/sample/hide_not_related_column/users.svg", "SVG", 0, 0, 0, 131, 0, 0, 0, 0, 0, 0, 0, 0, 0, 14, 1, 146
"/Users/higu/Project/tbls/sample/mariadb/CamelizeTable.md", "Markdown", 0, 29, 0, 0, 0, 0, 0, 0, 0, 0, 0, 0, 0, 0, 15, 44
"/Users/higu/Project/tbls/sample/mariadb/CamelizeTable.svg", "SVG", 0, 0, 0, 25, 0, 0, 0, 0, 0, 0, 0, 0, 0, 4, 1, 30
"/Users/higu/Project/tbls/sample/mariadb/README.md", "Markdown", 0, 22, 0, 0, 0, 0, 0, 0, 0, 0, 0, 0, 0, 0, 11, 33
"/Users/higu/Project/tbls/sample/mariadb/comment_stars.md", "Markdown", 0, 48, 0, 0, 0, 0, 0, 0, 0, 0, 0, 0, 0, 0, 15, 63
"/Users/higu/Project/tbls/sample/mariadb/comment_stars.svg", "SVG", 0, 0, 0, 139, 0, 0, 0, 0, 0, 0, 0, 0, 0, 10, 1, 150
"/Users/higu/Project/tbls/sample/mariadb/comments.md", "Markdown", 0, 54, 0, 0, 0, 0, 0, 0, 0, 0, 0, 0, 0, 0, 16, 70
"/Users/higu/Project/tbls/sample/mariadb/comments.svg", "SVG", 0, 0, 0, 174, 0, 0, 0, 0, 0, 0, 0, 0, 0, 12, 1, 187
"/Users/higu/Project/tbls/sample/mariadb/hyphen-table.md", "Markdown", 0, 31, 0, 0, 0, 0, 0, 0, 0, 0, 0, 0, 0, 0, 15, 46
"/Users/higu/Project/tbls/sample/mariadb/hyphen-table.svg", "SVG", 0, 0, 0, 28, 0, 0, 0, 0, 0, 0, 0, 0, 0, 4, 1, 33
"/Users/higu/Project/tbls/sample/mariadb/logs.md", "Markdown", 0, 40, 0, 0, 0, 0, 0, 0, 0, 0, 0, 0, 0, 0, 16, 56
"/Users/higu/Project/tbls/sample/mariadb/logs.svg", "SVG", 0, 0, 0, 174, 0, 0, 0, 0, 0, 0, 0, 0, 0, 12, 1, 187
"/Users/higu/Project/tbls/sample/mariadb/post_comments.md", "Markdown", 0, 29, 0, 0, 0, 0, 0, 0, 0, 0, 0, 0, 0, 0, 14, 43
"/Users/higu/Project/tbls/sample/mariadb/post_comments.svg", "SVG", 0, 0, 0, 40, 0, 0, 0, 0, 0, 0, 0, 0, 0, 4, 1, 45
"/Users/higu/Project/tbls/sample/mariadb/posts.md", "Markdown", 0, 53, 0, 0, 0, 0, 0, 0, 0, 0, 0, 0, 0, 0, 20, 73
"/Users/higu/Project/tbls/sample/mariadb/posts.svg", "SVG", 0, 0, 0, 142, 0, 0, 0, 0, 0, 0, 0, 0, 0, 10, 1, 153
"/Users/higu/Project/tbls/sample/mariadb/same_name_constraints.md", "Markdown", 0, 31, 0, 0, 0, 0, 0, 0, 0, 0, 0, 0, 0, 0, 15, 46
"/Users/higu/Project/tbls/sample/mariadb/same_name_constraints.svg", "SVG", 0, 0, 0, 57, 0, 0, 0, 0, 0, 0, 0, 0, 0, 6, 1, 64
"/Users/higu/Project/tbls/sample/mariadb/schema.json", "JSON", 0, 0, 0, 0, 1, 0, 0, 0, 0, 0, 0, 0, 0, 0, 1, 2
"/Users/higu/Project/tbls/sample/mariadb/schema.svg", "SVG", 0, 0, 0, 309, 0, 0, 0, 0, 0, 0, 0, 0, 0, 24, 1, 334
"/Users/higu/Project/tbls/sample/mariadb/user_options.md", "Markdown", 0, 39, 0, 0, 0, 0, 0, 0, 0, 0, 0, 0, 0, 0, 16, 55
"/Users/higu/Project/tbls/sample/mariadb/user_options.svg", "SVG", 0, 0, 0, 63, 0, 0, 0, 0, 0, 0, 0, 0, 0, 6, 1, 70
"/Users/higu/Project/tbls/sample/mariadb/users.md", "Markdown", 0, 44, 0, 0, 0, 0, 0, 0, 0, 0, 0, 0, 0, 0, 16, 60
"/Users/higu/Project/tbls/sample/mariadb/users.svg", "SVG", 0, 0, 0, 220, 0, 0, 0, 0, 0, 0, 0, 0, 0, 16, 1, 237
"/Users/higu/Project/tbls/sample/mermaid/CamelizeTable.md", "Markdown", 0, 35, 0, 0, 0, 0, 0, 0, 0, 0, 0, 0, 0, 0, 17, 52
"/Users/higu/Project/tbls/sample/mermaid/README.md", "Markdown", 0, 110, 0, 0, 0, 0, 0, 0, 0, 0, 0, 0, 0, 0, 15, 125
"/Users/higu/Project/tbls/sample/mermaid/comment_stars.md", "Markdown", 0, 87, 0, 0, 0, 0, 0, 0, 0, 0, 0, 0, 0, 0, 17, 104
"/Users/higu/Project/tbls/sample/mermaid/comments.md", "Markdown", 0, 103, 0, 0, 0, 0, 0, 0, 0, 0, 0, 0, 0, 0, 18, 121
"/Users/higu/Project/tbls/sample/mermaid/hyphen-table.md", "Markdown", 0, 38, 0, 0, 0, 0, 0, 0, 0, 0, 0, 0, 0, 0, 17, 55
"/Users/higu/Project/tbls/sample/mermaid/logs.md", "Markdown", 0, 89, 0, 0, 0, 0, 0, 0, 0, 0, 0, 0, 0, 0, 18, 107
"/Users/higu/Project/tbls/sample/mermaid/long_long_long_long_long_long_long_long_table_name.md", "Markdown", 0, 35, 0, 0, 0, 0, 0, 0, 0, 0, 0, 0, 0, 0, 17, 52
"/Users/higu/Project/tbls/sample/mermaid/post_comments.md", "Markdown", 0, 40, 0, 0, 0, 0, 0, 0, 0, 0, 0, 0, 0, 0, 16, 56
"/Users/higu/Project/tbls/sample/mermaid/posts.md", "Markdown", 0, 93, 0, 0, 0, 0, 0, 0, 0, 0, 0, 0, 0, 0, 22, 115
"/Users/higu/Project/tbls/sample/mermaid/schema.json", "JSON", 0, 0, 0, 0, 1, 0, 0, 0, 0, 0, 0, 0, 0, 0, 1, 2
"/Users/higu/Project/tbls/sample/mermaid/user_options.md", "Markdown", 0, 56, 0, 0, 0, 0, 0, 0, 0, 0, 0, 0, 0, 0, 18, 74
"/Users/higu/Project/tbls/sample/mermaid/users.md", "Markdown", 0, 102, 0, 0, 0, 0, 0, 0, 0, 0, 0, 0, 0, 0, 18, 120
"/Users/higu/Project/tbls/sample/mongo/README.md", "Markdown", 0, 9, 0, 0, 0, 0, 0, 0, 0, 0, 0, 0, 0, 0, 7, 16
"/Users/higu/Project/tbls/sample/mongo/schema.json", "JSON", 0, 0, 0, 0, 1, 0, 0, 0, 0, 0, 0, 0, 0, 0, 1, 2
"/Users/higu/Project/tbls/sample/mongo/schema.svg", "SVG", 0, 0, 0, 38, 0, 0, 0, 0, 0, 0, 0, 0, 0, 4, 1, 43
"/Users/higu/Project/tbls/sample/mongo/test.restaurants.md", "Markdown", 0, 21, 0, 0, 0, 0, 0, 0, 0, 0, 0, 0, 0, 0, 11, 32
"/Users/higu/Project/tbls/sample/mongo/test.restaurants.svg", "SVG", 0, 0, 0, 40, 0, 0, 0, 0, 0, 0, 0, 0, 0, 4, 1, 45
"/Users/higu/Project/tbls/sample/mssql/CamelizeTable.md", "Markdown", 0, 11, 0, 0, 0, 0, 0, 0, 0, 0, 0, 0, 0, 0, 8, 19
"/Users/higu/Project/tbls/sample/mssql/CamelizeTable.svg", "SVG", 0, 0, 0, 25, 0, 0, 0, 0, 0, 0, 0, 0, 0, 4, 1, 30
"/Users/higu/Project/tbls/sample/mssql/README.md", "Markdown", 0, 30, 0, 0, 0, 0, 0, 0, 0, 0, 0, 0, 0, 0, 13, 43
"/Users/higu/Project/tbls/sample/mssql/Rabbits.Running.md", "Markdown", 0, 25, 0, 0, 0, 0, 0, 0, 0, 0, 0, 0, 0, 0, 12, 37
"/Users/higu/Project/tbls/sample/mssql/Rabbits.Running.svg", "SVG", 0, 0, 0, 47, 0, 0, 0, 0, 0, 0, 0, 0, 0, 6, 1, 54
"/Users/higu/Project/tbls/sample/mssql/Sales.Product.md", "Markdown", 0, 21, 0, 0, 0, 0, 0, 0, 0, 0, 0, 0, 0, 0, 12, 33
"/Users/higu/Project/tbls/sample/mssql/Sales.Product.svg", "SVG", 0, 0, 0, 47, 0, 0, 0, 0, 0, 0, 0, 0, 0, 6, 1, 54
"/Users/higu/Project/tbls/sample/mssql/administrator.blogs.md", "Markdown", 0, 25, 0, 0, 0, 0, 0, 0, 0, 0, 0, 0, 0, 0, 13, 38
"/Users/higu/Project/tbls/sample/mssql/administrator.blogs.svg", "SVG", 0, 0, 0, 68, 0, 0, 0, 0, 0, 0, 0, 0, 0, 6, 1, 75
"/Users/higu/Project/tbls/sample/mssql/comment_stars.md", "Markdown", 0, 25, 0, 0, 0, 0, 0, 0, 0, 0, 0, 0, 0, 0, 12, 37
"/Users/higu/Project/tbls/sample/mssql/comment_stars.svg", "SVG", 0, 0, 0, 134, 0, 0, 0, 0, 0, 0, 0, 0, 0, 10, 1, 145
"/Users/higu/Project/tbls/sample/mssql/comments.md", "Markdown", 0, 28, 0, 0, 0, 0, 0, 0, 0, 0, 0, 0, 0, 0, 12, 40
"/Users/higu/Project/tbls/sample/mssql/comments.svg", "SVG", 0, 0, 0, 165, 0, 0, 0, 0, 0, 0, 0, 0, 0, 12, 1, 178
"/Users/higu/Project/tbls/sample/mssql/hyphen-table.md", "Markdown", 0, 12, 0, 0, 0, 0, 0, 0, 0, 0, 0, 0, 0, 0, 8, 20
"/Users/higu/Project/tbls/sample/mssql/hyphen-table.svg", "SVG", 0, 0, 0, 28, 0, 0, 0, 0, 0, 0, 0, 0, 0, 4, 1, 33
"/Users/higu/Project/tbls/sample/mssql/logs.md", "Markdown", 0, 16, 0, 0, 0, 0, 0, 0, 0, 0, 0, 0, 0, 0, 8, 24
"/Users/higu/Project/tbls/sample/mssql/logs.svg", "SVG", 0, 0, 0, 168, 0, 0, 0, 0, 0, 0, 0, 0, 0, 12, 1, 181
"/Users/higu/Project/tbls/sample/mssql/name with spaces.md", "Markdown", 0, 23, 0, 0, 0, 0, 0, 0, 0, 0, 0, 0, 0, 0, 13, 36
"/Users/higu/Project/tbls/sample/mssql/name with spaces.svg", "SVG", 0, 0, 0, 22, 0, 0, 0, 0, 0, 0, 0, 0, 0, 4, 1, 27
"/Users/higu/Project/tbls/sample/mssql/post_comments.md", "Markdown", 0, 35, 0, 0, 0, 0, 0, 0, 0, 0, 0, 0, 0, 0, 14, 49
"/Users/higu/Project/tbls/sample/mssql/post_comments.svg", "SVG", 0, 0, 0, 40, 0, 0, 0, 0, 0, 0, 0, 0, 0, 4, 1, 45
"/Users/higu/Project/tbls/sample/mssql/posts.md", "Markdown", 0, 33, 0, 0, 0, 0, 0, 0, 0, 0, 0, 0, 0, 0, 16, 49
"/Users/higu/Project/tbls/sample/mssql/posts.svg", "SVG", 0, 0, 0, 134, 0, 0, 0, 0, 0, 0, 0, 0, 0, 10, 1, 145
"/Users/higu/Project/tbls/sample/mssql/schema.json", "JSON", 0, 0, 0, 0, 1, 0, 0, 0, 0, 0, 0, 0, 0, 0, 1, 2
"/Users/higu/Project/tbls/sample/mssql/schema.svg", "SVG", 0, 0, 0, 355, 0, 0, 0, 0, 0, 0, 0, 0, 0, 28, 1, 384
"/Users/higu/Project/tbls/sample/mssql/user_options.md", "Markdown", 0, 23, 0, 0, 0, 0, 0, 0, 0, 0, 0, 0, 0, 0, 13, 36
"/Users/higu/Project/tbls/sample/mssql/user_options.svg", "SVG", 0, 0, 0, 62, 0, 0, 0, 0, 0, 0, 0, 0, 0, 6, 1, 69
"/Users/higu/Project/tbls/sample/mssql/users.md", "Markdown", 0, 33, 0, 0, 0, 0, 0, 0, 0, 0, 0, 0, 0, 0, 15, 48
"/Users/higu/Project/tbls/sample/mssql/users.svg", "SVG", 0, 0, 0, 221, 0, 0, 0, 0, 0, 0, 0, 0, 0, 16, 1, 238
"/Users/higu/Project/tbls/sample/mysql/CamelizeTable.md", "Markdown", 0, 29, 0, 0, 0, 0, 0, 0, 0, 0, 0, 0, 0, 0, 15, 44
"/Users/higu/Project/tbls/sample/mysql/CamelizeTable.svg", "SVG", 0, 0, 0, 25, 0, 0, 0, 0, 0, 0, 0, 0, 0, 4, 1, 30
"/Users/higu/Project/tbls/sample/mysql/README.md", "Markdown", 0, 27, 0, 0, 0, 0, 0, 0, 0, 0, 0, 0, 0, 0, 13, 40
"/Users/higu/Project/tbls/sample/mysql/comment_stars.md", "Markdown", 0, 48, 0, 0, 0, 0, 0, 0, 0, 0, 0, 0, 0, 0, 15, 63
"/Users/higu/Project/tbls/sample/mysql/comment_stars.svg", "SVG", 0, 0, 0, 139, 0, 0, 0, 0, 0, 0, 0, 0, 0, 10, 1, 150
"/Users/higu/Project/tbls/sample/mysql/comments.md", "Markdown", 0, 54, 0, 0, 0, 0, 0, 0, 0, 0, 0, 0, 0, 0, 16, 70
"/Users/higu/Project/tbls/sample/mysql/comments.svg", "SVG", 0, 0, 0, 174, 0, 0, 0, 0, 0, 0, 0, 0, 0, 12, 1, 187
"/Users/higu/Project/tbls/sample/mysql/hyphen-table.md", "Markdown", 0, 31, 0, 0, 0, 0, 0, 0, 0, 0, 0, 0, 0, 0, 15, 46
"/Users/higu/Project/tbls/sample/mysql/hyphen-table.svg", "SVG", 0, 0, 0, 28, 0, 0, 0, 0, 0, 0, 0, 0, 0, 4, 1, 33
"/Users/higu/Project/tbls/sample/mysql/logs.md", "Markdown", 0, 40, 0, 0, 0, 0, 0, 0, 0, 0, 0, 0, 0, 0, 16, 56
"/Users/higu/Project/tbls/sample/mysql/logs.svg", "SVG", 0, 0, 0, 174, 0, 0, 0, 0, 0, 0, 0, 0, 0, 12, 1, 187
"/Users/higu/Project/tbls/sample/mysql/long_long_long_long_long_long_long_long_table_name.md", "Markdown", 0, 29, 0, 0, 0, 0, 0, 0, 0, 0, 0, 0, 0, 0, 15, 44
"/Users/higu/Project/tbls/sample/mysql/long_long_long_long_long_long_long_long_table_name.svg", "SVG", 0, 0, 0, 25, 0, 0, 0, 0, 0, 0, 0, 0, 0, 4, 1, 30
"/Users/higu/Project/tbls/sample/mysql/post_comments.md", "Markdown", 0, 29, 0, 0, 0, 0, 0, 0, 0, 0, 0, 0, 0, 0, 14, 43
"/Users/higu/Project/tbls/sample/mysql/post_comments.svg", "SVG", 0, 0, 0, 40, 0, 0, 0, 0, 0, 0, 0, 0, 0, 4, 1, 45
"/Users/higu/Project/tbls/sample/mysql/posts.md", "Markdown", 0, 53, 0, 0, 0, 0, 0, 0, 0, 0, 0, 0, 0, 0, 20, 73
"/Users/higu/Project/tbls/sample/mysql/posts.svg", "SVG", 0, 0, 0, 142, 0, 0, 0, 0, 0, 0, 0, 0, 0, 10, 1, 153
"/Users/higu/Project/tbls/sample/mysql/schema.json", "JSON", 0, 0, 0, 0, 1, 0, 0, 0, 0, 0, 0, 0, 0, 0, 1, 2
"/Users/higu/Project/tbls/sample/mysql/schema.svg", "SVG", 0, 0, 0, 303, 0, 0, 0, 0, 0, 0, 0, 0, 0, 23, 1, 327
"/Users/higu/Project/tbls/sample/mysql/user_options.md", "Markdown", 0, 39, 0, 0, 0, 0, 0, 0, 0, 0, 0, 0, 0, 0, 16, 55
"/Users/higu/Project/tbls/sample/mysql/user_options.svg", "SVG", 0, 0, 0, 63, 0, 0, 0, 0, 0, 0, 0, 0, 0, 6, 1, 70
"/Users/higu/Project/tbls/sample/mysql/users.md", "Markdown", 0, 46, 0, 0, 0, 0, 0, 0, 0, 0, 0, 0, 0, 0, 16, 62
"/Users/higu/Project/tbls/sample/mysql/users.svg", "SVG", 0, 0, 0, 200, 0, 0, 0, 0, 0, 0, 0, 0, 0, 14, 1, 215
"/Users/higu/Project/tbls/sample/mysql56/CamelizeTable.md", "Markdown", 0, 29, 0, 0, 0, 0, 0, 0, 0, 0, 0, 0, 0, 0, 15, 44
"/Users/higu/Project/tbls/sample/mysql56/CamelizeTable.svg", "SVG", 0, 0, 0, 25, 0, 0, 0, 0, 0, 0, 0, 0, 0, 4, 1, 30
"/Users/higu/Project/tbls/sample/mysql56/README.md", "Markdown", 0, 21, 0, 0, 0, 0, 0, 0, 0, 0, 0, 0, 0, 0, 11, 32
"/Users/higu/Project/tbls/sample/mysql56/comment_stars.md", "Markdown", 0, 48, 0, 0, 0, 0, 0, 0, 0, 0, 0, 0, 0, 0, 15, 63
"/Users/higu/Project/tbls/sample/mysql56/comment_stars.svg", "SVG", 0, 0, 0, 136, 0, 0, 0, 0, 0, 0, 0, 0, 0, 10, 1, 147
"/Users/higu/Project/tbls/sample/mysql56/comments.md", "Markdown", 0, 52, 0, 0, 0, 0, 0, 0, 0, 0, 0, 0, 0, 0, 16, 68
"/Users/higu/Project/tbls/sample/mysql56/comments.svg", "SVG", 0, 0, 0, 171, 0, 0, 0, 0, 0, 0, 0, 0, 0, 12, 1, 184
"/Users/higu/Project/tbls/sample/mysql56/hyphen-table.md", "Markdown", 0, 31, 0, 0, 0, 0, 0, 0, 0, 0, 0, 0, 0, 0, 15, 46
"/Users/higu/Project/tbls/sample/mysql56/hyphen-table.svg", "SVG", 0, 0, 0, 28, 0, 0, 0, 0, 0, 0, 0, 0, 0, 4, 1, 33
"/Users/higu/Project/tbls/sample/mysql56/logs.md", "Markdown", 0, 40, 0, 0, 0, 0, 0, 0, 0, 0, 0, 0, 0, 0, 16, 56
"/Users/higu/Project/tbls/sample/mysql56/logs.svg", "SVG", 0, 0, 0, 171, 0, 0, 0, 0, 0, 0, 0, 0, 0, 12, 1, 184
"/Users/higu/Project/tbls/sample/mysql56/post_comments.md", "Markdown", 0, 29, 0, 0, 0, 0, 0, 0, 0, 0, 0, 0, 0, 0, 14, 43
"/Users/higu/Project/tbls/sample/mysql56/post_comments.svg", "SVG", 0, 0, 0, 40, 0, 0, 0, 0, 0, 0, 0, 0, 0, 4, 1, 45
"/Users/higu/Project/tbls/sample/mysql56/posts.md", "Markdown", 0, 53, 0, 0, 0, 0, 0, 0, 0, 0, 0, 0, 0, 0, 20, 73
"/Users/higu/Project/tbls/sample/mysql56/posts.svg", "SVG", 0, 0, 0, 139, 0, 0, 0, 0, 0, 0, 0, 0, 0, 10, 1, 150
"/Users/higu/Project/tbls/sample/mysql56/schema.json", "JSON", 0, 0, 0, 0, 1, 0, 0, 0, 0, 0, 0, 0, 0, 0, 1, 2
"/Users/higu/Project/tbls/sample/mysql56/schema.svg", "SVG", 0, 0, 0, 286, 0, 0, 0, 0, 0, 0, 0, 0, 0, 22, 1, 309
"/Users/higu/Project/tbls/sample/mysql56/user_options.md", "Markdown", 0, 39, 0, 0, 0, 0, 0, 0, 0, 0, 0, 0, 0, 0, 16, 55
"/Users/higu/Project/tbls/sample/mysql56/user_options.svg", "SVG", 0, 0, 0, 63, 0, 0, 0, 0, 0, 0, 0, 0, 0, 6, 1, 70
"/Users/higu/Project/tbls/sample/mysql56/users.md", "Markdown", 0, 44, 0, 0, 0, 0, 0, 0, 0, 0, 0, 0, 0, 0, 16, 60
"/Users/higu/Project/tbls/sample/mysql56/users.svg", "SVG", 0, 0, 0, 197, 0, 0, 0, 0, 0, 0, 0, 0, 0, 14, 1, 212
"/Users/higu/Project/tbls/sample/number/CamelizeTable.md", "Markdown", 0, 29, 0, 0, 0, 0, 0, 0, 0, 0, 0, 0, 0, 0, 15, 44
"/Users/higu/Project/tbls/sample/number/CamelizeTable.svg", "SVG", 0, 0, 0, 25, 0, 0, 0, 0, 0, 0, 0, 0, 0, 4, 1, 30
"/Users/higu/Project/tbls/sample/number/README.md", "Markdown", 0, 27, 0, 0, 0, 0, 0, 0, 0, 0, 0, 0, 0, 0, 13, 40
"/Users/higu/Project/tbls/sample/number/comment_stars.md", "Markdown", 0, 48, 0, 0, 0, 0, 0, 0, 0, 0, 0, 0, 0, 0, 15, 63
"/Users/higu/Project/tbls/sample/number/comment_stars.svg", "SVG", 0, 0, 0, 104, 0, 0, 0, 0, 0, 0, 0, 0, 0, 8, 1, 113
"/Users/higu/Project/tbls/sample/number/comments.md", "Markdown", 0, 54, 0, 0, 0, 0, 0, 0, 0, 0, 0, 0, 0, 0, 16, 70
"/Users/higu/Project/tbls/sample/number/comments.svg", "SVG", 0, 0, 0, 139, 0, 0, 0, 0, 0, 0, 0, 0, 0, 10, 1, 150
"/Users/higu/Project/tbls/sample/number/hyphen-table.md", "Markdown", 0, 31, 0, 0, 0, 0, 0, 0, 0, 0, 0, 0, 0, 0, 15, 46
"/Users/higu/Project/tbls/sample/number/hyphen-table.svg", "SVG", 0, 0, 0, 28, 0, 0, 0, 0, 0, 0, 0, 0, 0, 4, 1, 33
"/Users/higu/Project/tbls/sample/number/logs.md", "Markdown", 0, 40, 0, 0, 0, 0, 0, 0, 0, 0, 0, 0, 0, 0, 16, 56
"/Users/higu/Project/tbls/sample/number/logs.svg", "SVG", 0, 0, 0, 40, 0, 0, 0, 0, 0, 0, 0, 0, 0, 4, 1, 45
"/Users/higu/Project/tbls/sample/number/long_long_long_long_long_long_long_long_table_name.md", "Markdown", 0, 29, 0, 0, 0, 0, 0, 0, 0, 0, 0, 0, 0, 0, 15, 44
"/Users/higu/Project/tbls/sample/number/long_long_long_long_long_long_long_long_table_name.svg", "SVG", 0, 0, 0, 25, 0, 0, 0, 0, 0, 0, 0, 0, 0, 4, 1, 30
"/Users/higu/Project/tbls/sample/number/post_comments.md", "Markdown", 0, 29, 0, 0, 0, 0, 0, 0, 0, 0, 0, 0, 0, 0, 14, 43
"/Users/higu/Project/tbls/sample/number/post_comments.svg", "SVG", 0, 0, 0, 40, 0, 0, 0, 0, 0, 0, 0, 0, 0, 4, 1, 45
"/Users/higu/Project/tbls/sample/number/posts.md", "Markdown", 0, 53, 0, 0, 0, 0, 0, 0, 0, 0, 0, 0, 0, 0, 20, 73
"/Users/higu/Project/tbls/sample/number/posts.svg", "SVG", 0, 0, 0, 107, 0, 0, 0, 0, 0, 0, 0, 0, 0, 8, 1, 116
"/Users/higu/Project/tbls/sample/number/schema.json", "JSON", 0, 0, 0, 0, 1, 0, 0, 0, 0, 0, 0, 0, 0, 0, 1, 2
"/Users/higu/Project/tbls/sample/number/schema.svg", "SVG", 0, 0, 0, 279, 0, 0, 0, 0, 0, 0, 0, 0, 0, 19, 1, 299
"/Users/higu/Project/tbls/sample/number/user_options.md", "Markdown", 0, 39, 0, 0, 0, 0, 0, 0, 0, 0, 0, 0, 0, 0, 16, 55
"/Users/higu/Project/tbls/sample/number/user_options.svg", "SVG", 0, 0, 0, 63, 0, 0, 0, 0, 0, 0, 0, 0, 0, 6, 1, 70
"/Users/higu/Project/tbls/sample/number/users.md", "Markdown", 0, 46, 0, 0, 0, 0, 0, 0, 0, 0, 0, 0, 0, 0, 16, 62
"/Users/higu/Project/tbls/sample/number/users.svg", "SVG", 0, 0, 0, 165, 0, 0, 0, 0, 0, 0, 0, 0, 0, 12, 1, 178
"/Users/higu/Project/tbls/sample/png/CamelizeTable.md", "Markdown", 0, 29, 0, 0, 0, 0, 0, 0, 0, 0, 0, 0, 0, 0, 15, 44
"/Users/higu/Project/tbls/sample/png/README.md", "Markdown", 0, 27, 0, 0, 0, 0, 0, 0, 0, 0, 0, 0, 0, 0, 13, 40
"/Users/higu/Project/tbls/sample/png/comment_stars.md", "Markdown", 0, 48, 0, 0, 0, 0, 0, 0, 0, 0, 0, 0, 0, 0, 15, 63
"/Users/higu/Project/tbls/sample/png/comments.md", "Markdown", 0, 54, 0, 0, 0, 0, 0, 0, 0, 0, 0, 0, 0, 0, 16, 70
"/Users/higu/Project/tbls/sample/png/hyphen-table.md", "Markdown", 0, 31, 0, 0, 0, 0, 0, 0, 0, 0, 0, 0, 0, 0, 15, 46
"/Users/higu/Project/tbls/sample/png/logs.md", "Markdown", 0, 40, 0, 0, 0, 0, 0, 0, 0, 0, 0, 0, 0, 0, 16, 56
"/Users/higu/Project/tbls/sample/png/long_long_long_long_long_long_long_long_table_name.md", "Markdown", 0, 29, 0, 0, 0, 0, 0, 0, 0, 0, 0, 0, 0, 0, 15, 44
"/Users/higu/Project/tbls/sample/png/post_comments.md", "Markdown", 0, 29, 0, 0, 0, 0, 0, 0, 0, 0, 0, 0, 0, 0, 14, 43
"/Users/higu/Project/tbls/sample/png/posts.md", "Markdown", 0, 53, 0, 0, 0, 0, 0, 0, 0, 0, 0, 0, 0, 0, 20, 73
"/Users/higu/Project/tbls/sample/png/schema.json", "JSON", 0, 0, 0, 0, 1, 0, 0, 0, 0, 0, 0, 0, 0, 0, 1, 2
"/Users/higu/Project/tbls/sample/png/user_options.md", "Markdown", 0, 39, 0, 0, 0, 0, 0, 0, 0, 0, 0, 0, 0, 0, 16, 55
"/Users/higu/Project/tbls/sample/png/users.md", "Markdown", 0, 46, 0, 0, 0, 0, 0, 0, 0, 0, 0, 0, 0, 0, 16, 62
"/Users/higu/Project/tbls/sample/postgres/README.md", "Markdown", 0, 50, 0, 0, 0, 0, 0, 0, 0, 0, 0, 0, 0, 0, 15, 65
"/Users/higu/Project/tbls/sample/postgres/administrator.blogs.md", "Markdown", 0, 29, 0, 0, 0, 0, 0, 0, 0, 0, 0, 0, 0, 0, 15, 44
"/Users/higu/Project/tbls/sample/postgres/administrator.blogs.svg", "SVG", 0, 0, 0, 69, 0, 0, 0, 0, 0, 0, 0, 0, 0, 6, 1, 76
"/Users/higu/Project/tbls/sample/postgres/backup.blog_options.md", "Markdown", 0, 22, 0, 0, 0, 0, 0, 0, 0, 0, 0, 0, 0, 0, 12, 34
"/Users/higu/Project/tbls/sample/postgres/backup.blog_options.svg", "SVG", 0, 0, 0, 60, 0, 0, 0, 0, 0, 0, 0, 0, 0, 6, 1, 67
"/Users/higu/Project/tbls/sample/postgres/backup.blogs.md", "Markdown", 0, 22, 0, 0, 0, 0, 0, 0, 0, 0, 0, 0, 0, 0, 12, 34
"/Users/higu/Project/tbls/sample/postgres/backup.blogs.svg", "SVG", 0, 0, 0, 60, 0, 0, 0, 0, 0, 0, 0, 0, 0, 6, 1, 67
"/Users/higu/Project/tbls/sample/postgres/public.CamelizeTable.md", "Markdown", 0, 19, 0, 0, 0, 0, 0, 0, 0, 0, 0, 0, 0, 0, 12, 31
"/Users/higu/Project/tbls/sample/postgres/public.CamelizeTable.svg", "SVG", 0, 0, 0, 51, 0, 0, 0, 0, 0, 0, 0, 0, 0, 6, 1, 58
"/Users/higu/Project/tbls/sample/postgres/public.comment_stars.md", "Markdown", 0, 25, 0, 0, 0, 0, 0, 0, 0, 0, 0, 0, 0, 0, 12, 37
"/Users/higu/Project/tbls/sample/postgres/public.comment_stars.svg", "SVG", 0, 0, 0, 139, 0, 0, 0, 0, 0, 0, 0, 0, 0, 10, 1, 150
"/Users/higu/Project/tbls/sample/postgres/public.comments.md", "Markdown", 0, 33, 0, 0, 0, 0, 0, 0, 0, 0, 0, 0, 0, 0, 13, 46
"/Users/higu/Project/tbls/sample/postgres/public.comments.svg", "SVG", 0, 0, 0, 177, 0, 0, 0, 0, 0, 0, 0, 0, 0, 12, 1, 190
"/Users/higu/Project/tbls/sample/postgres/public.hyphen-table.md", "Markdown", 0, 22, 0, 0, 0, 0, 0, 0, 0, 0, 0, 0, 0, 0, 12, 34
"/Users/higu/Project/tbls/sample/postgres/public.hyphen-table.svg", "SVG", 0, 0, 0, 51, 0, 0, 0, 0, 0, 0, 0, 0, 0, 6, 1, 58
"/Users/higu/Project/tbls/sample/postgres/public.logs.md", "Markdown", 0, 17, 0, 0, 0, 0, 0, 0, 0, 0, 0, 0, 0, 0, 9, 26
"/Users/higu/Project/tbls/sample/postgres/public.logs.svg", "SVG", 0, 0, 0, 177, 0, 0, 0, 0, 0, 0, 0, 0, 0, 12, 1, 190
"/Users/higu/Project/tbls/sample/postgres/public.post_comment_stars.md", "Markdown", 0, 40, 0, 0, 0, 0, 0, 0, 0, 0, 0, 0, 0, 0, 15, 55
"/Users/higu/Project/tbls/sample/postgres/public.post_comment_stars.svg", "SVG", 0, 0, 0, 34, 0, 0, 0, 0, 0, 0, 0, 0, 0, 4, 1, 39
"/Users/higu/Project/tbls/sample/postgres/public.post_comments.md", "Markdown", 0, 45, 0, 0, 0, 0, 0, 0, 0, 0, 0, 0, 0, 0, 16, 61
"/Users/higu/Project/tbls/sample/postgres/public.post_comments.svg", "SVG", 0, 0, 0, 40, 0, 0, 0, 0, 0, 0, 0, 0, 0, 4, 1, 45
"/Users/higu/Project/tbls/sample/postgres/public.posts.md", "Markdown", 0, 39, 0, 0, 0, 0, 0, 0, 0, 0, 0, 0, 0, 0, 17, 56
"/Users/higu/Project/tbls/sample/postgres/public.posts.svg", "SVG", 0, 0, 0, 145, 0, 0, 0, 0, 0, 0, 0, 0, 0, 10, 1, 156
"/Users/higu/Project/tbls/sample/postgres/public.user_options.md", "Markdown", 0, 23, 0, 0, 0, 0, 0, 0, 0, 0, 0, 0, 0, 0, 13, 36
"/Users/higu/Project/tbls/sample/postgres/public.user_options.svg", "SVG", 0, 0, 0, 63, 0, 0, 0, 0, 0, 0, 0, 0, 0, 6, 1, 70
"/Users/higu/Project/tbls/sample/postgres/public.users.md", "Markdown", 0, 33, 0, 0, 0, 0, 0, 0, 0, 0, 0, 0, 0, 0, 15, 48
"/Users/higu/Project/tbls/sample/postgres/public.users.svg", "SVG", 0, 0, 0, 235, 0, 0, 0, 0, 0, 0, 0, 0, 0, 16, 1, 252
"/Users/higu/Project/tbls/sample/postgres/schema.json", "JSON", 0, 0, 0, 0, 1, 0, 0, 0, 0, 0, 0, 0, 0, 0, 1, 2
"/Users/higu/Project/tbls/sample/postgres/schema.svg", "SVG", 0, 0, 0, 456, 0, 0, 0, 0, 0, 0, 0, 0, 0, 34, 1, 491
"/Users/higu/Project/tbls/sample/postgres/time.bar.md", "Markdown", 0, 18, 0, 0, 0, 0, 0, 0, 0, 0, 0, 0, 0, 0, 12, 30
"/Users/higu/Project/tbls/sample/postgres/time.bar.svg", "SVG", 0, 0, 0, 45, 0, 0, 0, 0, 0, 0, 0, 0, 0, 6, 1, 52
"/Users/higu/Project/tbls/sample/postgres/time.hyphenated-table.md", "Markdown", 0, 18, 0, 0, 0, 0, 0, 0, 0, 0, 0, 0, 0, 0, 12, 30
"/Users/higu/Project/tbls/sample/postgres/time.hyphenated-table.svg", "SVG", 0, 0, 0, 45, 0, 0, 0, 0, 0, 0, 0, 0, 0, 6, 1, 52
"/Users/higu/Project/tbls/sample/postgres/time.referencing.md", "Markdown", 0, 22, 0, 0, 0, 0, 0, 0, 0, 0, 0, 0, 0, 0, 12, 34
"/Users/higu/Project/tbls/sample/postgres/time.referencing.svg", "SVG", 0, 0, 0, 62, 0, 0, 0, 0, 0, 0, 0, 0, 0, 8, 1, 71
"/Users/higu/Project/tbls/sample/postgres/viewpoint-0.md", "Markdown", 0, 13, 0, 0, 0, 0, 0, 0, 0, 0, 0, 0, 0, 0, 9, 22
"/Users/higu/Project/tbls/sample/postgres/viewpoint-0.svg", "SVG", 0, 0, 0, 94, 0, 0, 0, 0, 0, 0, 0, 0, 0, 6, 1, 101
"/Users/higu/Project/tbls/sample/postgres/viewpoint-1.md", "Markdown", 0, 11, 0, 0, 0, 0, 0, 0, 0, 0, 0, 0, 0, 0, 9, 20
"/Users/higu/Project/tbls/sample/postgres/viewpoint-1.svg", "SVG", 0, 0, 0, 36, 0, 0, 0, 0, 0, 0, 0, 0, 0, 4, 1, 41
"/Users/higu/Project/tbls/sample/postgres95/README.md", "Markdown", 0, 49, 0, 0, 0, 0, 0, 0, 0, 0, 0, 0, 0, 0, 15, 64
"/Users/higu/Project/tbls/sample/postgres95/administrator.blogs.md", "Markdown", 0, 29, 0, 0, 0, 0, 0, 0, 0, 0, 0, 0, 0, 0, 15, 44
"/Users/higu/Project/tbls/sample/postgres95/administrator.blogs.svg", "SVG", 0, 0, 0, 69, 0, 0, 0, 0, 0, 0, 0, 0, 0, 6, 1, 76
"/Users/higu/Project/tbls/sample/postgres95/backup.blog_options.md", "Markdown", 0, 22, 0, 0, 0, 0, 0, 0, 0, 0, 0, 0, 0, 0, 12, 34
"/Users/higu/Project/tbls/sample/postgres95/backup.blog_options.svg", "SVG", 0, 0, 0, 60, 0, 0, 0, 0, 0, 0, 0, 0, 0, 6, 1, 67
"/Users/higu/Project/tbls/sample/postgres95/backup.blogs.md", "Markdown", 0, 22, 0, 0, 0, 0, 0, 0, 0, 0, 0, 0, 0, 0, 12, 34
"/Users/higu/Project/tbls/sample/postgres95/backup.blogs.svg", "SVG", 0, 0, 0, 60, 0, 0, 0, 0, 0, 0, 0, 0, 0, 6, 1, 67
"/Users/higu/Project/tbls/sample/postgres95/public.CamelizeTable.md", "Markdown", 0, 19, 0, 0, 0, 0, 0, 0, 0, 0, 0, 0, 0, 0, 12, 31
"/Users/higu/Project/tbls/sample/postgres95/public.CamelizeTable.svg", "SVG", 0, 0, 0, 51, 0, 0, 0, 0, 0, 0, 0, 0, 0, 6, 1, 58
"/Users/higu/Project/tbls/sample/postgres95/public.comment_stars.md", "Markdown", 0, 25, 0, 0, 0, 0, 0, 0, 0, 0, 0, 0, 0, 0, 12, 37
"/Users/higu/Project/tbls/sample/postgres95/public.comment_stars.svg", "SVG", 0, 0, 0, 136, 0, 0, 0, 0, 0, 0, 0, 0, 0, 10, 1, 147
"/Users/higu/Project/tbls/sample/postgres95/public.comments.md", "Markdown", 0, 32, 0, 0, 0, 0, 0, 0, 0, 0, 0, 0, 0, 0, 13, 45
"/Users/higu/Project/tbls/sample/postgres95/public.comments.svg", "SVG", 0, 0, 0, 174, 0, 0, 0, 0, 0, 0, 0, 0, 0, 12, 1, 187
"/Users/higu/Project/tbls/sample/postgres95/public.hyphen-table.md", "Markdown", 0, 22, 0, 0, 0, 0, 0, 0, 0, 0, 0, 0, 0, 0, 12, 34
"/Users/higu/Project/tbls/sample/postgres95/public.hyphen-table.svg", "SVG", 0, 0, 0, 51, 0, 0, 0, 0, 0, 0, 0, 0, 0, 6, 1, 58
"/Users/higu/Project/tbls/sample/postgres95/public.logs.md", "Markdown", 0, 17, 0, 0, 0, 0, 0, 0, 0, 0, 0, 0, 0, 0, 9, 26
"/Users/higu/Project/tbls/sample/postgres95/public.logs.svg", "SVG", 0, 0, 0, 174, 0, 0, 0, 0, 0, 0, 0, 0, 0, 12, 1, 187
"/Users/higu/Project/tbls/sample/postgres95/public.post_comment_stars.md", "Markdown", 0, 40, 0, 0, 0, 0, 0, 0, 0, 0, 0, 0, 0, 0, 15, 55
"/Users/higu/Project/tbls/sample/postgres95/public.post_comment_stars.svg", "SVG", 0, 0, 0, 34, 0, 0, 0, 0, 0, 0, 0, 0, 0, 4, 1, 39
"/Users/higu/Project/tbls/sample/postgres95/public.post_comments.md", "Markdown", 0, 45, 0, 0, 0, 0, 0, 0, 0, 0, 0, 0, 0, 0, 16, 61
"/Users/higu/Project/tbls/sample/postgres95/public.post_comments.svg", "SVG", 0, 0, 0, 40, 0, 0, 0, 0, 0, 0, 0, 0, 0, 4, 1, 45
"/Users/higu/Project/tbls/sample/postgres95/public.posts.md", "Markdown", 0, 39, 0, 0, 0, 0, 0, 0, 0, 0, 0, 0, 0, 0, 17, 56
"/Users/higu/Project/tbls/sample/postgres95/public.posts.svg", "SVG", 0, 0, 0, 142, 0, 0, 0, 0, 0, 0, 0, 0, 0, 10, 1, 153
"/Users/higu/Project/tbls/sample/postgres95/public.user_options.md", "Markdown", 0, 23, 0, 0, 0, 0, 0, 0, 0, 0, 0, 0, 0, 0, 13, 36
"/Users/higu/Project/tbls/sample/postgres95/public.user_options.svg", "SVG", 0, 0, 0, 63, 0, 0, 0, 0, 0, 0, 0, 0, 0, 6, 1, 70
"/Users/higu/Project/tbls/sample/postgres95/public.users.md", "Markdown", 0, 33, 0, 0, 0, 0, 0, 0, 0, 0, 0, 0, 0, 0, 15, 48
"/Users/higu/Project/tbls/sample/postgres95/public.users.svg", "SVG", 0, 0, 0, 232, 0, 0, 0, 0, 0, 0, 0, 0, 0, 16, 1, 249
"/Users/higu/Project/tbls/sample/postgres95/schema.json", "JSON", 0, 0, 0, 0, 1, 0, 0, 0, 0, 0, 0, 0, 0, 0, 1, 2
"/Users/higu/Project/tbls/sample/postgres95/schema.svg", "SVG", 0, 0, 0, 453, 0, 0, 0, 0, 0, 0, 0, 0, 0, 34, 1, 488
"/Users/higu/Project/tbls/sample/postgres95/time.bar.md", "Markdown", 0, 18, 0, 0, 0, 0, 0, 0, 0, 0, 0, 0, 0, 0, 12, 30
"/Users/higu/Project/tbls/sample/postgres95/time.bar.svg", "SVG", 0, 0, 0, 45, 0, 0, 0, 0, 0, 0, 0, 0, 0, 6, 1, 52
"/Users/higu/Project/tbls/sample/postgres95/time.hyphenated-table.md", "Markdown", 0, 18, 0, 0, 0, 0, 0, 0, 0, 0, 0, 0, 0, 0, 12, 30
"/Users/higu/Project/tbls/sample/postgres95/time.hyphenated-table.svg", "SVG", 0, 0, 0, 45, 0, 0, 0, 0, 0, 0, 0, 0, 0, 6, 1, 52
"/Users/higu/Project/tbls/sample/postgres95/time.referencing.md", "Markdown", 0, 22, 0, 0, 0, 0, 0, 0, 0, 0, 0, 0, 0, 0, 12, 34
"/Users/higu/Project/tbls/sample/postgres95/time.referencing.svg", "SVG", 0, 0, 0, 62, 0, 0, 0, 0, 0, 0, 0, 0, 0, 8, 1, 71
"/Users/higu/Project/tbls/sample/postgres95/viewpoint-0.md", "Markdown", 0, 13, 0, 0, 0, 0, 0, 0, 0, 0, 0, 0, 0, 0, 9, 22
"/Users/higu/Project/tbls/sample/postgres95/viewpoint-0.svg", "SVG", 0, 0, 0, 94, 0, 0, 0, 0, 0, 0, 0, 0, 0, 6, 1, 101
"/Users/higu/Project/tbls/sample/postgres95/viewpoint-1.md", "Markdown", 0, 11, 0, 0, 0, 0, 0, 0, 0, 0, 0, 0, 0, 0, 9, 20
"/Users/higu/Project/tbls/sample/postgres95/viewpoint-1.svg", "SVG", 0, 0, 0, 36, 0, 0, 0, 0, 0, 0, 0, 0, 0, 4, 1, 41
"/Users/higu/Project/tbls/sample/snowflake/CUSTOMER.md", "Markdown", 0, 32, 0, 0, 0, 0, 0, 0, 0, 0, 0, 0, 0, 0, 11, 43
"/Users/higu/Project/tbls/sample/snowflake/CUSTOMER.svg", "SVG", 0, 0, 0, 110, 0, 0, 0, 0, 0, 0, 0, 0, 0, 8, 1, 119
"/Users/higu/Project/tbls/sample/snowflake/LINEITEM.md", "Markdown", 0, 48, 0, 0, 0, 0, 0, 0, 0, 0, 0, 0, 0, 0, 11, 59
"/Users/higu/Project/tbls/sample/snowflake/LINEITEM.svg", "SVG", 0, 0, 0, 137, 0, 0, 0, 0, 0, 0, 0, 0, 0, 8, 1, 146
"/Users/higu/Project/tbls/sample/snowflake/NATION.md", "Markdown", 0, 24, 0, 0, 0, 0, 0, 0, 0, 0, 0, 0, 0, 0, 11, 35
"/Users/higu/Project/tbls/sample/snowflake/NATION.svg", "SVG", 0, 0, 0, 127, 0, 0, 0, 0, 0, 0, 0, 0, 0, 10, 1, 138
"/Users/higu/Project/tbls/sample/snowflake/ORDERS.md", "Markdown", 0, 34, 0, 0, 0, 0, 0, 0, 0, 0, 0, 0, 0, 0, 11, 45
"/Users/higu/Project/tbls/sample/snowflake/ORDERS.svg", "SVG", 0, 0, 0, 146, 0, 0, 0, 0, 0, 0, 0, 0, 0, 8, 1, 155
"/Users/higu/Project/tbls/sample/snowflake/PART.md", "Markdown", 0, 34, 0, 0, 0, 0, 0, 0, 0, 0, 0, 0, 0, 0, 11, 45
"/Users/higu/Project/tbls/sample/snowflake/PART.svg", "SVG", 0, 0, 0, 75, 0, 0, 0, 0, 0, 0, 0, 0, 0, 6, 1, 82
"/Users/higu/Project/tbls/sample/snowflake/PARTSUPP.md", "Markdown", 0, 26, 0, 0, 0, 0, 0, 0, 0, 0, 0, 0, 0, 0, 11, 37
"/Users/higu/Project/tbls/sample/snowflake/PARTSUPP.svg", "SVG", 0, 0, 0, 172, 0, 0, 0, 0, 0, 0, 0, 0, 0, 10, 1, 183
"/Users/higu/Project/tbls/sample/snowflake/README.md", "Markdown", 0, 16, 0, 0, 0, 0, 0, 0, 0, 0, 0, 0, 0, 0, 7, 23
"/Users/higu/Project/tbls/sample/snowflake/REGION.md", "Markdown", 0, 22, 0, 0, 0, 0, 0, 0, 0, 0, 0, 0, 0, 0, 11, 33
"/Users/higu/Project/tbls/sample/snowflake/REGION.svg", "SVG", 0, 0, 0, 54, 0, 0, 0, 0, 0, 0, 0, 0, 0, 6, 1, 61
"/Users/higu/Project/tbls/sample/snowflake/SUPPLIER.md", "Markdown", 0, 30, 0, 0, 0, 0, 0, 0, 0, 0, 0, 0, 0, 0, 11, 41
"/Users/higu/Project/tbls/sample/snowflake/SUPPLIER.svg", "SVG", 0, 0, 0, 95, 0, 0, 0, 0, 0, 0, 0, 0, 0, 8, 1, 104
"/Users/higu/Project/tbls/sample/snowflake/schema.svg", "SVG", 0, 0, 0, 305, 0, 0, 0, 0, 0, 0, 0, 0, 0, 19, 1, 325
"/Users/higu/Project/tbls/sample/spanner/CamelizeTable.md", "Markdown", 0, 15, 0, 0, 0, 0, 0, 0, 0, 0, 0, 0, 0, 0, 10, 25
"/Users/higu/Project/tbls/sample/spanner/CamelizeTable.svg", "SVG", 0, 0, 0, 25, 0, 0, 0, 0, 0, 0, 0, 0, 0, 4, 1, 30
"/Users/higu/Project/tbls/sample/spanner/README.md", "Markdown", 0, 15, 0, 0, 0, 0, 0, 0, 0, 0, 0, 0, 0, 0, 7, 22
"/Users/higu/Project/tbls/sample/spanner/comment_stars.md", "Markdown", 0, 25, 0, 0, 0, 0, 0, 0, 0, 0, 0, 0, 0, 0, 13, 38
"/Users/higu/Project/tbls/sample/spanner/comment_stars.svg", "SVG", 0, 0, 0, 101, 0, 0, 0, 0, 0, 0, 0, 0, 0, 8, 1, 110
"/Users/higu/Project/tbls/sample/spanner/comments.md", "Markdown", 0, 26, 0, 0, 0, 0, 0, 0, 0, 0, 0, 0, 0, 0, 13, 39
"/Users/higu/Project/tbls/sample/spanner/comments.svg", "SVG", 0, 0, 0, 139, 0, 0, 0, 0, 0, 0, 0, 0, 0, 10, 1, 150
"/Users/higu/Project/tbls/sample/spanner/logs.md", "Markdown", 0, 20, 0, 0, 0, 0, 0, 0, 0, 0, 0, 0, 0, 0, 10, 30
"/Users/higu/Project/tbls/sample/spanner/logs.svg", "SVG", 0, 0, 0, 110, 0, 0, 0, 0, 0, 0, 0, 0, 0, 8, 1, 119
"/Users/higu/Project/tbls/sample/spanner/posts.md", "Markdown", 0, 28, 0, 0, 0, 0, 0, 0, 0, 0, 0, 0, 0, 0, 13, 41
"/Users/higu/Project/tbls/sample/spanner/posts.svg", "SVG", 0, 0, 0, 142, 0, 0, 0, 0, 0, 0, 0, 0, 0, 10, 1, 153
"/Users/higu/Project/tbls/sample/spanner/schema.svg", "SVG", 0, 0, 0, 231, 0, 0, 0, 0, 0, 0, 0, 0, 0, 18, 1, 250
"/Users/higu/Project/tbls/sample/spanner/user_options.md", "Markdown", 0, 19, 0, 0, 0, 0, 0, 0, 0, 0, 0, 0, 0, 0, 11, 30
"/Users/higu/Project/tbls/sample/spanner/user_options.svg", "SVG", 0, 0, 0, 63, 0, 0, 0, 0, 0, 0, 0, 0, 0, 6, 1, 70
"/Users/higu/Project/tbls/sample/spanner/users.md", "Markdown", 0, 25, 0, 0, 0, 0, 0, 0, 0, 0, 0, 0, 0, 0, 13, 38
"/Users/higu/Project/tbls/sample/spanner/users.svg", "SVG", 0, 0, 0, 200, 0, 0, 0, 0, 0, 0, 0, 0, 0, 14, 1, 215
"/Users/higu/Project/tbls/sample/sqlite/CamelizeTable.md", "Markdown", 0, 24, 0, 0, 0, 0, 0, 0, 0, 0, 0, 0, 0, 0, 13, 37
"/Users/higu/Project/tbls/sample/sqlite/CamelizeTable.svg", "SVG", 0, 0, 0, 25, 0, 0, 0, 0, 0, 0, 0, 0, 0, 4, 1, 30
"/Users/higu/Project/tbls/sample/sqlite/README.md", "Markdown", 0, 24, 0, 0, 0, 0, 0, 0, 0, 0, 0, 0, 0, 0, 11, 35
"/Users/higu/Project/tbls/sample/sqlite/access_log.md", "Markdown", 0, 16, 0, 0, 0, 0, 0, 0, 0, 0, 0, 0, 0, 0, 11, 27
"/Users/higu/Project/tbls/sample/sqlite/access_log.svg", "SVG", 0, 0, 0, 22, 0, 0, 0, 0, 0, 0, 0, 0, 0, 4, 1, 27
"/Users/higu/Project/tbls/sample/sqlite/check_constraints.md", "Markdown", 0, 50, 0, 0, 0, 0, 0, 0, 0, 0, 0, 0, 0, 0, 15, 65
"/Users/higu/Project/tbls/sample/sqlite/check_constraints.svg", "SVG", 0, 0, 0, 37, 0, 0, 0, 0, 0, 0, 0, 0, 0, 4, 1, 42
"/Users/higu/Project/tbls/sample/sqlite/comment_stars.md", "Markdown", 0, 42, 0, 0, 0, 0, 0, 0, 0, 0, 0, 0, 0, 0, 15, 57
"/Users/higu/Project/tbls/sample/sqlite/comment_stars.svg", "SVG", 0, 0, 0, 136, 0, 0, 0, 0, 0, 0, 0, 0, 0, 10, 1, 147
"/Users/higu/Project/tbls/sample/sqlite/comments.md", "Markdown", 0, 43, 0, 0, 0, 0, 0, 0, 0, 0, 0, 0, 0, 0, 15, 58
"/Users/higu/Project/tbls/sample/sqlite/comments.svg", "SVG", 0, 0, 0, 168, 0, 0, 0, 0, 0, 0, 0, 0, 0, 12, 1, 181
"/Users/higu/Project/tbls/sample/sqlite/hyphen-table.md", "Markdown", 0, 26, 0, 0, 0, 0, 0, 0, 0, 0, 0, 0, 0, 0, 13, 39
"/Users/higu/Project/tbls/sample/sqlite/hyphen-table.svg", "SVG", 0, 0, 0, 28, 0, 0, 0, 0, 0, 0, 0, 0, 0, 4, 1, 33
"/Users/higu/Project/tbls/sample/sqlite/logs.md", "Markdown", 0, 34, 0, 0, 0, 0, 0, 0, 0, 0, 0, 0, 0, 0, 13, 47
"/Users/higu/Project/tbls/sample/sqlite/logs.svg", "SVG", 0, 0, 0, 168, 0, 0, 0, 0, 0, 0, 0, 0, 0, 12, 1, 181
"/Users/higu/Project/tbls/sample/sqlite/post_comments.md", "Markdown", 0, 34, 0, 0, 0, 0, 0, 0, 0, 0, 0, 0, 0, 0, 14, 48
"/Users/higu/Project/tbls/sample/sqlite/post_comments.svg", "SVG", 0, 0, 0, 40, 0, 0, 0, 0, 0, 0, 0, 0, 0, 4, 1, 45
"/Users/higu/Project/tbls/sample/sqlite/posts.md", "Markdown", 0, 44, 0, 0, 0, 0, 0, 0, 0, 0, 0, 0, 0, 0, 19, 63
"/Users/higu/Project/tbls/sample/sqlite/posts.svg", "SVG", 0, 0, 0, 136, 0, 0, 0, 0, 0, 0, 0, 0, 0, 10, 1, 147
"/Users/higu/Project/tbls/sample/sqlite/schema.json", "JSON", 0, 0, 0, 0, 1, 0, 0, 0, 0, 0, 0, 0, 0, 0, 1, 2
"/Users/higu/Project/tbls/sample/sqlite/schema.svg", "SVG", 0, 0, 0, 331, 0, 0, 0, 0, 0, 0, 0, 0, 0, 25, 1, 357
"/Users/higu/Project/tbls/sample/sqlite/syslog.md", "Markdown", 0, 16, 0, 0, 0, 0, 0, 0, 0, 0, 0, 0, 0, 0, 11, 27
"/Users/higu/Project/tbls/sample/sqlite/syslog.svg", "SVG", 0, 0, 0, 22, 0, 0, 0, 0, 0, 0, 0, 0, 0, 4, 1, 27
"/Users/higu/Project/tbls/sample/sqlite/user_options.md", "Markdown", 0, 30, 0, 0, 0, 0, 0, 0, 0, 0, 0, 0, 0, 0, 13, 43
"/Users/higu/Project/tbls/sample/sqlite/user_options.svg", "SVG", 0, 0, 0, 63, 0, 0, 0, 0, 0, 0, 0, 0, 0, 6, 1, 70
"/Users/higu/Project/tbls/sample/sqlite/users.md", "Markdown", 0, 41, 0, 0, 0, 0, 0, 0, 0, 0, 0, 0, 0, 0, 15, 56
"/Users/higu/Project/tbls/sample/sqlite/users.svg", "SVG", 0, 0, 0, 194, 0, 0, 0, 0, 0, 0, 0, 0, 0, 14, 1, 209
"/Users/higu/Project/tbls/sample/viewpoints/CamelizeTable.md", "Markdown", 0, 29, 0, 0, 0, 0, 0, 0, 0, 0, 0, 0, 0, 0, 15, 44
"/Users/higu/Project/tbls/sample/viewpoints/CamelizeTable.svg", "SVG", 0, 0, 0, 25, 0, 0, 0, 0, 0, 0, 0, 0, 0, 4, 1, 30
"/Users/higu/Project/tbls/sample/viewpoints/README.md", "Markdown", 0, 34, 0, 0, 0, 0, 0, 0, 0, 0, 0, 0, 0, 0, 15, 49
"/Users/higu/Project/tbls/sample/viewpoints/comment_stars.md", "Markdown", 0, 50, 0, 0, 0, 0, 0, 0, 0, 0, 0, 0, 0, 0, 17, 67
"/Users/higu/Project/tbls/sample/viewpoints/comment_stars.svg", "SVG", 0, 0, 0, 139, 0, 0, 0, 0, 0, 0, 0, 0, 0, 10, 1, 150
"/Users/higu/Project/tbls/sample/viewpoints/comments.md", "Markdown", 0, 56, 0, 0, 0, 0, 0, 0, 0, 0, 0, 0, 0, 0, 18, 74
"/Users/higu/Project/tbls/sample/viewpoints/comments.svg", "SVG", 0, 0, 0, 174, 0, 0, 0, 0, 0, 0, 0, 0, 0, 12, 1, 187
"/Users/higu/Project/tbls/sample/viewpoints/hyphen-table.md", "Markdown", 0, 31, 0, 0, 0, 0, 0, 0, 0, 0, 0, 0, 0, 0, 15, 46
"/Users/higu/Project/tbls/sample/viewpoints/hyphen-table.svg", "SVG", 0, 0, 0, 28, 0, 0, 0, 0, 0, 0, 0, 0, 0, 4, 1, 33
"/Users/higu/Project/tbls/sample/viewpoints/logs.md", "Markdown", 0, 44, 0, 0, 0, 0, 0, 0, 0, 0, 0, 0, 0, 0, 18, 62
"/Users/higu/Project/tbls/sample/viewpoints/logs.svg", "SVG", 0, 0, 0, 174, 0, 0, 0, 0, 0, 0, 0, 0, 0, 12, 1, 187
"/Users/higu/Project/tbls/sample/viewpoints/long_long_long_long_long_long_long_long_table_name.md", "Markdown", 0, 29, 0, 0, 0, 0, 0, 0, 0, 0, 0, 0, 0, 0, 15, 44
"/Users/higu/Project/tbls/sample/viewpoints/long_long_long_long_long_long_long_long_table_name.svg", "SVG", 0, 0, 0, 25, 0, 0, 0, 0, 0, 0, 0, 0, 0, 4, 1, 30
"/Users/higu/Project/tbls/sample/viewpoints/post_comments.md", "Markdown", 0, 31, 0, 0, 0, 0, 0, 0, 0, 0, 0, 0, 0, 0, 16, 47
"/Users/higu/Project/tbls/sample/viewpoints/post_comments.svg", "SVG", 0, 0, 0, 40, 0, 0, 0, 0, 0, 0, 0, 0, 0, 4, 1, 45
"/Users/higu/Project/tbls/sample/viewpoints/posts.md", "Markdown", 0, 57, 0, 0, 0, 0, 0, 0, 0, 0, 0, 0, 0, 0, 22, 79
"/Users/higu/Project/tbls/sample/viewpoints/posts.svg", "SVG", 0, 0, 0, 142, 0, 0, 0, 0, 0, 0, 0, 0, 0, 10, 1, 153
"/Users/higu/Project/tbls/sample/viewpoints/schema.json", "JSON", 0, 0, 0, 0, 1, 0, 0, 0, 0, 0, 0, 0, 0, 0, 1, 2
"/Users/higu/Project/tbls/sample/viewpoints/schema.svg", "SVG", 0, 0, 0, 303, 0, 0, 0, 0, 0, 0, 0, 0, 0, 23, 1, 327
"/Users/higu/Project/tbls/sample/viewpoints/user_options.md", "Markdown", 0, 41, 0, 0, 0, 0, 0, 0, 0, 0, 0, 0, 0, 0, 18, 59
"/Users/higu/Project/tbls/sample/viewpoints/user_options.svg", "SVG", 0, 0, 0, 63, 0, 0, 0, 0, 0, 0, 0, 0, 0, 6, 1, 70
"/Users/higu/Project/tbls/sample/viewpoints/users.md", "Markdown", 0, 53, 0, 0, 0, 0, 0, 0, 0, 0, 0, 0, 0, 0, 20, 73
"/Users/higu/Project/tbls/sample/viewpoints/users.svg", "SVG", 0, 0, 0, 200, 0, 0, 0, 0, 0, 0, 0, 0, 0, 14, 1, 215
"/Users/higu/Project/tbls/sample/viewpoints/viewpoint-0.md", "Markdown", 0, 14, 0, 0, 0, 0, 0, 0, 0, 0, 0, 0, 0, 0, 9, 23
"/Users/higu/Project/tbls/sample/viewpoints/viewpoint-0.svg", "SVG", 0, 0, 0, 135, 0, 0, 0, 0, 0, 0, 0, 0, 0, 9, 1, 145
"/Users/higu/Project/tbls/sample/viewpoints/viewpoint-1.md", "Markdown", 0, 13, 0, 0, 0, 0, 0, 0, 0, 0, 0, 0, 0, 0, 9, 22
"/Users/higu/Project/tbls/sample/viewpoints/viewpoint-1.svg", "SVG", 0, 0, 0, 112, 0, 0, 0, 0, 0, 0, 0, 0, 0, 9, 1, 122
"/Users/higu/Project/tbls/sample/viewpoints/viewpoint-2.md", "Markdown", 0, 21, 0, 0, 0, 0, 0, 0, 0, 0, 0, 0, 0, 0, 13, 34
"/Users/higu/Project/tbls/sample/viewpoints/viewpoint-2.svg", "SVG", 0, 0, 0, 234, 0, 0, 0, 0, 0, 0, 0, 0, 0, 19, 1, 254
"/Users/higu/Project/tbls/sample/viewpoints/viewpoint-3.md", "Markdown", 0, 11, 0, 0, 0, 0, 0, 0, 0, 0, 0, 0, 0, 0, 9, 20
"/Users/higu/Project/tbls/sample/viewpoints/viewpoint-3.svg", "SVG", 0, 0, 0, 36, 0, 0, 0, 0, 0, 0, 0, 0, 0, 4, 1, 41
"/Users/higu/Project/tbls/schema/cardinality.go", "Go", 49, 0, 0, 0, 0, 0, 0, 0, 0, 0, 0, 0, 0, 0, 7, 56
"/Users/higu/Project/tbls/schema/cardinality_test.go", "Go", 32, 0, 0, 0, 0, 0, 0, 0, 0, 0, 0, 0, 0, 0, 3, 35
"/Users/higu/Project/tbls/schema/filter.go", "Go", 211, 0, 0, 0, 0, 0, 0, 0, 0, 0, 0, 0, 0, 6, 26, 243
"/Users/higu/Project/tbls/schema/filter_test.go", "Go", 111, 0, 0, 0, 0, 0, 0, 0, 0, 0, 0, 0, 0, 0, 8, 119
"/Users/higu/Project/tbls/schema/json.go", "Go", 283, 0, 0, 0, 0, 0, 0, 0, 0, 0, 0, 0, 0, 12, 21, 316
"/Users/higu/Project/tbls/schema/schema.go", "Go", 571, 0, 0, 0, 0, 0, 0, 0, 0, 0, 0, 0, 0, 21, 53, 645
"/Users/higu/Project/tbls/schema/schema_test.go", "Go", 347, 0, 0, 0, 0, 0, 0, 0, 0, 0, 0, 0, 0, 0, 24, 371
"/Users/higu/Project/tbls/schema/yaml.go", "Go", 217, 0, 0, 0, 0, 0, 0, 0, 0, 0, 0, 0, 0, 6, 11, 234
"/Users/higu/Project/tbls/scripts/entrypoint.sh", "Shell Script", 0, 0, 0, 0, 0, 0, 1, 0, 0, 0, 0, 0, 0, 1, 2, 4
"/Users/higu/Project/tbls/scripts/jsonschema/go.mod", "Go Module File", 0, 0, 0, 0, 0, 0, 0, 20, 0, 0, 0, 0, 0, 0, 5, 25
"/Users/higu/Project/tbls/scripts/jsonschema/go.sum", "Go Checksum File", 0, 0, 0, 0, 0, 39, 0, 0, 0, 0, 0, 0, 0, 0, 1, 40
"/Users/higu/Project/tbls/scripts/jsonschema/main.go", "Go", 31, 0, 0, 0, 0, 0, 0, 0, 0, 0, 0, 0, 0, 1, 5, 37
"/Users/higu/Project/tbls/spec/tbls.schema.json_schema.json", "JSON", 0, 0, 0, 0, 475, 0, 0, 0, 0, 0, 0, 0, 0, 0, 0, 475
"/Users/higu/Project/tbls/testdata/config/.tbls.yaml", "YAML", 0, 0, 1, 0, 0, 0, 0, 0, 0, 0, 0, 0, 0, 0, 1, 2
"/Users/higu/Project/tbls/testdata/config/tbls.yaml", "YAML", 0, 0, 1, 0, 0, 0, 0, 0, 0, 0, 0, 0, 0, 0, 1, 2
"/Users/higu/Project/tbls/testdata/config/tbls.yml", "YAML", 0, 0, 1, 0, 0, 0, 0, 0, 0, 0, 0, 0, 0, 0, 1, 2
"/Users/higu/Project/tbls/testdata/config_test_tbls.yml", "YAML", 0, 0, 35, 0, 0, 0, 0, 0, 0, 0, 0, 0, 0, 0, 1, 36
"/Users/higu/Project/tbls/testdata/config_test_tbls_2.yml", "YAML", 0, 0, 6, 0, 0, 0, 0, 0, 0, 0, 0, 0, 0, 0, 1, 7
"/Users/higu/Project/tbls/testdata/crypto_bitcoin_tbls.yml", "YAML", 0, 0, 50, 0, 0, 0, 0, 0, 0, 0, 0, 0, 0, 0, 1, 51
"/Users/higu/Project/tbls/testdata/ddl/auto_increment.sql", "MS SQL", 0, 0, 0, 0, 0, 0, 0, 0, 0, 0, 0, 9, 0, 0, 2, 11
"/Users/higu/Project/tbls/testdata/ddl/clickhouse/clickhouse.sql", "MS SQL", 0, 0, 0, 0, 0, 0, 0, 0, 0, 0, 0, 59, 0, 6, 10, 75
"/Users/higu/Project/tbls/testdata/ddl/createdb_too_many.sql", "MS SQL", 0, 0, 0, 0, 0, 0, 0, 0, 0, 0, 0, 2, 0, 0, 1, 3
"/Users/higu/Project/tbls/testdata/ddl/createtable_too_many.sql", "MS SQL", 0, 0, 0, 0, 0, 0, 0, 0, 0, 0, 0, 0, 0, 0, 1, 1
"/Users/higu/Project/tbls/testdata/ddl/detect_relations.sql", "MS SQL", 0, 0, 0, 0, 0, 0, 0, 0, 0, 0, 0, 87, 0, 0, 11, 98
"/Users/higu/Project/tbls/testdata/ddl/detect_relations_singular.sql", "MS SQL", 0, 0, 0, 0, 0, 0, 0, 0, 0, 0, 0, 87, 0, 0, 11, 98
"/Users/higu/Project/tbls/testdata/ddl/dynamodb.sh", "Shell Script", 0, 0, 0, 0, 0, 0, 46, 0, 0, 0, 0, 0, 0, 1, 10, 57
"/Users/higu/Project/tbls/testdata/ddl/maria.sql", "MS SQL", 0, 0, 0, 0, 0, 0, 0, 0, 0, 0, 0, 100, 0, 0, 12, 112
"/Users/higu/Project/tbls/testdata/ddl/mongo/init.js", "JavaScript", 0, 0, 0, 0, 0, 0, 0, 0, 0, 0, 0, 0, 7272, 0, 2, 7274
"Total", "-", 14756, 11314, 867, 27295, 497, 1985, 47, 191, 301, 12, 156, 344, 7272, 2766, 6726, 74529